NUMERO,genero,TIPO_COLEGIO,LOCALIDAD_COLEGIO,CALENDARIO,MUNICIPIO,DEPARTAMENTO,PG_ICFES,CON_MAT_ICFES,APT_MAT_ICFES,FISICA_ICFES,QUIMICA_ICFES,APT_VERB_ICFES,LITERATURA_ICFES,BIOLOGIA_ICFES,SOCIALES_ICFES,FILOSOFIA_ICFES,IDIOMA_ICFES,LOCALIDAD,DISTANCIA,INSCRIPCION,ESTRATO,ANO_INGRESO,RENDIMIENTO_UNO
1,Masculino,NaN,20,0,0,0,NaN,66,66,73,75,68,68,58,0,65,79,20,6,9,3,2011,2
2,Masculino,2,2,1,19,5,523,99,99,70,79,81,81,61,0,64,60,1,5,9,3,2011,2
3,Femenino,2,20,1,121,18,483,64,64,76,82,65,65,63,0,64,77,20,6,9,3,2011,1
4,Femenino,1,19,1,19,5,529,89,89,70,78,74,74,83,0,62,75,19,5,9,2,2011,1
5,Femenino,2,8,1,19,5,478,78,78,70,66,71,71,66,0,60,70,8,3,9,3,2011,2
6,Femenino,0,14,0,0,0,385,62,62,56,52,65,65,54,0,51,61,5,6,6,1,2011,1
7,Femenino,1,11,1,19,5,505,75,75,76,72,65,65,80,0,68,75,11,5,9,3,2011,2
8,Masculino,2,9,1,19,5,492,75,75,67,66,74,74,75,0,65,73,9,4,9,3,2011,1
9,Femenino,2,11,1,19,5,483,75,75,67,75,65,65,73,0,61,67,11,5,9,2,2011,2
10,Femenino,2,10,1,19,5,499,63,63,67,93,68,68,64,0,74,78,8,3,9,2,2011,2
11,Femenino,1,20,1,90,16,401,66,66,51,57,56,56,53,0,62,46,20,6,5,1,2011,1
12,Femenino,2,10,1,19,5,447,78,78,61,75,56,56,52,0,60,62,7,5,7,2,2011,2
13,Femenino,1,10,1,19,5,479,78,78,70,59,65,65,69,0,65,58,10,3,9,3,2011,2
14,Femenino,1,8,1,19,5,466,71,71,79,62,62,62,73,0,54,61,8,3,9,2,2011,2
15,Masculino,2,4,1,19,5,516,75,75,67,93,71,71,76,0,70,60,4,4,9,2,2011,2
16,Masculino,2,20,1,121,18,521,84,84,70,83,85,85,76,0,67,79,20,6,9,3,2011,2
17,Femenino,1,20,1,87,7,505,79,79,67,70,62,62,80,0,76,67,20,6,9,2,2011,2
18,Femenino,1,19,1,19,5,442,63,63,67,54,56,56,72,0,65,51,19,5,4,1,2011,1
19,Masculino,2,9,1,19,5,485,84,84,57,75,68,68,67,0,67,75,8,3,9,2,2011,2
20,Masculino,0,4,0,0,0,488,75,75,70,87,59,59,80,0,52,56,18,3,9,2,2011,2
21,Femenino,1,8,1,19,5,492,78,78,70,70,74,74,73,0,65,69,8,3,9,3,2011,1
22,Femenino,2,19,1,19,5,468,72,72,83,60,54,54,73,0,61,67,19,5,9,3,2011,2
23,Femenino,2,11,1,19,5,525,79,79,70,93,65,65,73,0,76,68,11,5,9,2,2011,2
24,Femenino,2,13,1,19,5,499,66,66,87,75,62,62,72,0,70,80,13,1,9,4,2011,2
25,Femenino,2,10,1,19,5,481,66,66,73,69,68,68,66,0,64,56,10,3,9,2,2011,1
26,Masculino,2,9,1,19,5,497,71,71,64,72,81,81,70,0,74,77,9,4,9,3,2011,2
27,Masculino,1,8,1,19,5,359,59,59,53,54,44,44,53,0,42,48,8,3,6,3,2011,2
28,Masculino,0,20,0,0,0,453,84,84,73,57,62,62,61,0,58,66,20,6,9,2,2011,1
29,Femenino,2,20,1,72,15,473,75,75,70,64,65,65,73,0,57,82,20,6,9,2,2011,1
30,Femenino,2,20,1,82,15,502,72,72,86,75,68,68,67,0,64,63,20,6,9,1,2011,1
31,Masculino,2,11,1,19,5,490,72,72,64,69,77,77,69,0,67,75,11,5,9,3,2011,2
32,Masculino,2,19,1,19,5,489,72,72,70,78,74,74,60,0,70,78,19,5,9,1,2011,2
33,Masculino,2,1,1,19,5,455,71,71,76,69,65,65,52,0,54,94,11,5,9,3,2011,2
34,Masculino,2,20,1,189,15,503,75,75,61,79,77,77,70,0,77,82,10,3,9,3,2011,3
35,Femenino,2,15,1,19,5,478,68,68,83,60,74,74,56,0,68,69,4,4,9,2,2011,2
36,Femenino,2,18,1,19,5,491,71,71,73,82,74,74,69,0,57,73,16,2,9,3,2011,2
37,Masculino,0,8,0,0,0,485,64,64,73,83,71,71,61,0,67,62,7,5,9,2,2011,1
38,Masculino,1,8,1,19,5,491,78,78,64,82,71,71,72,0,57,79,8,3,9,2,2011,2
39,Femenino,2,2,1,19,5,506,78,78,76,93,68,68,67,0,57,85,15,3,9,3,2011,2
40,Femenino,2,20,1,64,15,466,90,90,64,66,71,71,60,0,55,60,21,7,9,2,2011,2
41,Femenino,2,10,1,19,5,478,78,78,70,79,68,68,73,0,57,66,10,3,9,2,2011,2
42,Femenino,1,20,1,221,6,480,69,69,70,72,68,68,69,0,61,72,20,6,9,3,2011,2
43,Femenino,1,14,1,19,5,508,75,75,67,69,71,71,69,0,77,69,4,4,9,2,2011,2
44,Femenino,1,20,1,207,7,495,78,78,73,64,59,59,83,0,68,76,10,3,9,2,2011,2
45,Masculino,2,8,1,19,5,473,84,84,70,67,65,65,61,0,67,59,8,3,9,2,2011,2
46,Masculino,1,19,1,19,5,491,75,75,67,66,74,74,69,0,65,58,19,5,9,2,2011,2
47,Masculino,1,9,1,19,5,469,90,90,70,67,59,59,70,0,49,48,9,4,9,2,2011,2
48,Femenino,2,7,1,19,5,505,89,89,67,79,74,74,70,0,60,62,8,3,9,3,2011,2
49,Masculino,1,10,1,19,5,429,64,64,67,55,65,65,64,0,55,51,10,3,4,2,2011,2
50,Femenino,2,10,1,19,5,475,75,75,70,72,68,68,67,0,54,70,12,3,9,3,2011,1
51,Femenino,2,10,1,19,5,497,79,79,70,87,65,65,63,0,73,52,10,3,9,3,2011,2
52,Femenino,1,16,1,19,5,486,78,78,67,66,68,68,72,0,62,48,16,2,9,3,2011,1
53,Masculino,2,20,1,1,6,490,89,89,67,64,71,71,72,0,65,85,20,6,9,3,2011,2
54,Masculino,2,2,1,19,5,491,79,79,73,75,62,62,69,0,64,89,20,6,9,3,2011,2
55,Masculino,2,2,1,19,5,492,78,78,70,87,68,68,56,0,65,73,11,5,9,3,2011,2
56,Femenino,2,7,1,19,5,519,75,75,70,87,68,68,83,0,61,79,8,3,9,2,2011,2
57,Femenino,2,17,1,19,5,501,68,68,73,82,65,65,72,0,65,58,18,3,9,3,2011,2
58,Femenino,2,17,1,19,5,516,79,79,70,82,62,62,75,0,67,89,10,3,9,3,2011,2
59,Masculino,2,10,1,19,5,494,75,75,73,75,65,65,63,0,71,82,8,3,9,2,2011,2
60,Masculino,1,8,1,19,5,427,64,64,58,59,59,59,58,0,61,67,8,3,7,3,2011,2
61,Femenino,1,5,1,19,5,485,68,68,79,75,74,74,64,0,60,89,5,6,9,2,2011,2
62,Masculino,1,20,1,58,15,471,78,78,70,72,68,68,58,0,62,58,20,6,9,2,2011,2
63,Femenino,1,4,1,19,5,475,69,69,76,69,59,59,79,0,58,51,6,5,9,2,2011,2
64,Masculino,1,7,1,19,5,472,75,75,76,64,71,71,55,0,73,50,7,5,9,2,2011,1
65,Femenino,0,16,0,0,0,542,78,78,80,93,68,68,88,0,68,85,4,4,9,2,2011,2
66,Femenino,2,11,1,19,5,524,89,89,76,69,77,77,75,0,65,89,11,5,9,2,2011,2
67,Masculino,0,20,0,0,0,477,75,75,67,83,71,71,67,0,51,59,20,6,9,1,2011,2
68,Femenino,1,20,1,13,30,370,54,54,61,46,44,44,59,0,51,47,10,3,5,2,2011,1
69,Masculino,2,11,1,19,5,490,61,61,73,67,71,71,64,0,74,80,11,5,9,3,2011,2
70,Masculino,2,20,1,37,14,522,78,78,76,78,85,85,83,0,57,78,20,6,9,3,2011,2
71,Femenino,1,20,1,226,15,481,78,78,70,72,62,62,63,0,68,63,20,6,9,3,2011,1
72,Femenino,1,14,1,19,5,480,78,78,64,64,62,62,63,0,68,63,14,2,9,3,2011,2
73,Femenino,1,20,1,214,28,495,89,89,70,66,65,65,79,0,54,66,20,6,9,2,2011,2
74,Femenino,1,6,1,19,5,517,83,83,87,82,59,59,79,0,62,63,7,5,9,1,2011,2
75,Masculino,2,4,1,19,5,480,66,66,76,66,68,68,79,0,65,85,4,4,9,3,2011,2
76,Masculino,1,8,1,19,5,478,68,68,73,78,68,68,66,0,60,62,8,3,9,2,2011,2
77,Masculino,1,10,1,19,5,492,98,98,64,64,71,71,63,0,74,63,10,3,9,2,2011,1
78,Masculino,2,11,1,19,5,464,69,69,80,75,71,71,60,0,61,77,10,3,9,3,2011,2
79,Femenino,2,4,1,19,5,467,69,69,76,67,71,71,59,0,61,51,4,4,9,2,2011,1
80,Femenino,1,17,1,19,5,481,69,69,70,83,65,65,56,0,61,56,17,2,9,2,2011,1
81,Masculino,2,9,1,19,5,472,78,78,70,64,68,68,67,0,62,68,9,4,9,3,2011,2
82,Femenino,2,10,1,19,5,507,79,79,61,75,90,90,70,0,64,67,10,3,9,3,2011,2
83,Femenino,2,8,1,19,5,474,98,98,67,67,59,59,59,0,60,66,20,6,9,2,2011,1
84,Femenino,1,4,1,19,5,492,75,75,67,72,77,77,67,0,67,76,4,4,9,2,2011,2
85,Femenino,1,9,1,19,5,518,66,66,76,62,102,102,67,0,74,62,9,4,9,2,2011,1
86,Femenino,2,20,1,64,15,475,72,72,70,83,68,68,64,0,61,85,20,6,9,1,2011,2
87,Femenino,2,17,1,19,5,544,90,90,70,83,85,85,70,0,76,72,18,3,9,3,2011,2
88,Masculino,1,16,1,19,5,476,69,69,73,72,71,71,60,0,64,53,6,5,9,3,2011,2
89,Masculino,2,10,1,19,5,515,79,79,64,87,68,68,73,0,67,57,10,3,9,3,2011,2
90,Masculino,2,16,1,19,5,490,66,66,73,79,77,77,70,0,61,66,16,2,9,3,2011,2
91,Femenino,1,20,1,181,7,530,79,79,73,93,81,81,76,0,61,79,10,3,9,3,2011,1
92,Masculino,2,14,1,19,5,476,84,84,73,67,62,62,70,0,58,64,8,3,9,3,2011,2
93,Femenino,1,10,1,19,5,493,75,75,64,62,77,77,76,0,64,66,10,3,9,3,2011,2
94,Femenino,2,20,1,55,7,488,75,75,70,82,57,57,72,0,70,75,20,6,9,2,2011,1
95,Femenino,2,17,1,19,5,486,83,83,67,75,65,65,64,0,62,70,18,3,9,3,2011,2
96,Femenino,1,20,1,106,15,507,79,79,73,72,59,59,80,0,79,47,20,6,9,2,2011,1
97,Femenino,2,18,1,19,5,505,78,78,67,87,62,62,88,0,62,59,5,6,9,2,2011,1
98,Femenino,2,1,1,19,5,492,78,78,61,75,77,77,72,0,68,82,1,5,9,3,2011,1
99,Femenino,1,14,1,19,5,463,75,75,76,70,62,62,61,0,61,72,16,2,9,3,2011,2
100,Masculino,2,10,1,19,5,492,72,72,76,69,71,71,66,0,76,69,10,3,9,3,2011,1
101,Masculino,2,14,1,19,5,523,83,83,73,103,65,65,61,0,71,78,16,2,9,3,2011,2
102,Femenino,2,11,1,19,5,490,64,64,73,72,71,71,69,0,61,85,1,5,9,4,2011,1
103,Femenino,2,7,1,19,5,475,83,83,67,72,65,65,67,0,57,66,7,5,9,2,2011,2
104,Femenino,1,20,1,93,13,394,53,53,64,57,54,54,56,0,60,49,4,4,7,2,2011,1
105,Masculino,2,14,1,19,5,478,69,69,70,78,62,62,63,0,64,85,16,2,9,3,2011,2
106,Femenino,1,20,1,76,7,492,75,75,61,70,74,74,67,0,77,74,20,6,9,2,2011,2
107,Femenino,2,9,1,19,5,490,71,71,70,75,59,59,89,0,62,82,9,4,9,3,2011,3
108,Femenino,2,17,1,19,5,475,71,71,67,75,74,74,70,0,62,72,16,2,9,3,2011,2
109,Femenino,2,5,1,19,5,482,79,79,61,66,74,74,69,0,73,56,5,6,9,2,2011,2
110,Femenino,2,11,1,19,5,491,79,79,61,69,59,59,72,0,73,64,11,5,9,3,2011,3
111,Femenino,2,7,1,19,5,466,75,75,70,61,65,65,69,0,61,57,7,5,9,2,2011,1
112,Masculino,1,20,1,158,18,475,113,113,38,54,74,74,55,0,81,45,5,6,9,2,2011,1
113,Femenino,0,9,0,0,0,458,75,75,70,72,68,68,61,0,49,63,8,3,9,2,2011,2
114,Masculino,2,1,1,19,5,479,63,63,73,87,65,65,66,0,62,77,1,5,9,3,2011,3
115,Femenino,1,20,1,98,15,465,68,68,73,75,71,71,60,0,60,75,10,3,9,3,2011,1
116,Femenino,0,14,0,0,0,472,78,78,67,69,59,59,63,0,65,58,8,3,9,2,2011,2
117,Femenino,0,7,0,0,0,451,98,98,51,59,74,74,52,0,57,70,8,3,9,3,2011,2
118,Femenino,0,7,0,0,0,423,98,98,60,59,54,54,45,0,54,48,9,4,9,3,2011,2
119,Femenino,0,11,0,0,0,435,81,81,70,47,57,57,64,0,51,60,7,5,9,2,2011,3
120,Femenino,0,13,0,0,0,438,81,81,67,59,60,60,56,0,57,72,16,2,9,3,2011,2
121,Femenino,0,8,0,0,0,435,87,87,56,61,69,69,54,0,49,61,8,3,9,2,2011,2
122,Masculino,0,20,0,0,0,459,81,81,53,67,62,62,64,0,56,60,20,6,9,2,2011,3
123,Femenino,0,10,0,0,0,432,76,76,63,67,62,62,59,0,51,72,16,2,9,3,2011,2
124,Masculino,0,13,0,0,0,444,81,81,58,55,54,54,62,0,60,60,12,3,9,3,2011,2
125,Femenino,2,17,1,19,5,447,78,78,56,56,69,69,59,0,64,63,11,5,9,3,2011,2
126,Femenino,0,11,0,0,0,422,88,88,58,67,58,58,50,0,51,63,11,5,9,3,2011,2
127,Femenino,0,4,0,0,0,437,77,77,58,59,58,58,68,0,46,72,4,4,9,3,2011,2
128,Femenino,0,20,0,0,0,442,72,72,58,59,64,64,71,0,49,72,17,2,9,3,2011,1
129,Femenino,1,20,1,185,15,431,71,71,65,61,58,58,62,0,57,52,20,6,9,3,2011,2
130,Femenino,2,10,1,19,5,440,64,64,62,66,67,67,64,0,54,89,16,2,9,3,2011,2
131,Femenino,2,20,1,64,15,411,85,85,57,64,54,54,54,0,42,79,20,6,9,3,2011,2
132,Femenino,0,20,0,0,0,414,81,81,58,59,60,60,52,0,52,80,20,6,9,3,2011,1
133,Masculino,2,18,3,19,5,430,76,76,55,67,60,60,52,0,56,80,14,2,9,3,2011,2
134,Femenino,1,7,1,19,5,441,80,80,50,57,65,65,67,0,57,65,19,5,9,2,2011,2
135,Masculino,0,10,0,0,0,415,76,76,61,57,60,60,52,0,54,53,10,3,9,2,2011,3
136,Masculino,1,20,2,26,31,427,67,67,62,66,63,63,60,0,52,52,20,6,9,3,2011,3
137,Masculino,2,18,1,19,5,429,70,70,57,69,65,65,56,0,53,79,19,5,9,1,2011,2
138,Femenino,1,20,1,226,15,430,67,67,62,83,48,48,60,0,46,48,20,6,9,2,2011,2
139,Femenino,0,11,0,0,0,425,88,88,48,55,60,60,62,0,57,83,2,1,9,4,2011,2
140,Femenino,1,8,1,19,5,413,75,75,59,64,58,58,64,0,45,75,8,3,9,2,2011,3
141,Masculino,2,8,1,19,5,430,63,63,63,61,57,57,61,0,63,58,8,3,9,3,2011,3
142,Femenino,1,11,1,19,5,426,74,74,57,54,58,58,69,0,56,77,21,7,9,2,2011,1
143,Masculino,0,17,0,0,0,434,77,77,48,55,61,61,62,0,57,63,4,4,9,3,2011,2
144,Femenino,2,20,1,220,15,418,71,71,59,58,58,58,60,0,54,47,20,6,9,3,2011,1
145,Masculino,2,20,2,49,15,420,66,66,61,67,62,62,61,0,51,76,20,6,9,2,2011,2
146,Masculino,0,9,0,0,0,415,77,77,55,53,57,57,56,0,54,57,9,4,9,4,2011,2
147,Masculino,1,8,1,19,5,438,64,64,62,66,50,50,74,0,65,59,8,3,9,2,2011,1
148,Femenino,2,11,1,19,5,413,67,67,59,62,63,63,58,0,45,63,8,3,9,2,2011,2
149,Masculino,2,10,1,19,5,421,70,70,57,56,62,62,58,0,60,64,10,3,9,3,2011,1
150,Femenino,2,9,1,19,5,432,64,64,58,60,57,57,64,0,58,72,9,4,9,3,2011,1
151,Femenino,1,11,1,19,5,414,75,75,55,58,60,60,60,0,47,56,11,5,9,2,2011,1
152,Masculino,2,15,1,19,5,416,67,67,59,60,63,63,62,0,47,60,15,3,9,3,2011,1
153,Femenino,2,8,1,19,5,417,80,80,52,59,56,56,62,0,54,82,3,1,9,2,2011,2
154,Masculino,0,8,0,0,0,421,69,69,58,57,59,59,61,0,56,63,20,6,9,1,2011,2
155,Femenino,0,12,0,0,0,434,66,66,56,59,56,56,68,0,60,65,10,3,9,3,2011,2
156,Femenino,0,8,0,0,0,429,77,77,48,61,60,60,68,0,57,51,8,3,9,3,2011,2
157,Masculino,1,20,1,162,15,417,67,67,59,60,60,60,62,0,54,65,20,6,9,1,2011,2
158,Femenino,0,20,0,0,0,414,73,73,56,64,56,56,62,0,49,55,10,3,9,3,2011,2
159,Femenino,1,20,1,221,6,410,75,75,55,55,60,60,59,0,52,72,20,6,9,1,2011,2
160,Femenino,0,20,0,0,0,432,63,63,58,59,58,58,64,0,67,52,20,6,9,3,2011,2
161,Masculino,0,20,0,0,0,427,69,69,51,55,62,62,56,0,60,74,20,6,9,3,2011,2
162,Femenino,0,19,0,0,0,385,81,81,56,53,56,56,45,0,37,48,4,4,9,2,2011,1
163,Femenino,1,4,1,19,5,408,61,61,59,66,67,67,46,0,49,46,4,4,9,2,2011,1
164,Femenino,0,8,0,0,0,414,70,70,57,57,56,56,67,0,49,62,4,4,9,1,2011,2
165,Femenino,1,6,1,19,5,410,80,80,50,62,54,54,56,0,50,54,6,5,9,2,2011,2
166,Masculino,1,20,1,55,7,421,74,74,50,66,56,56,55,0,58,70,20,6,9,1,2011,3
167,Masculino,2,20,1,180,15,444,58,58,52,72,62,62,70,0,58,94,20,6,9,2,2011,2
168,Masculino,2,15,1,19,5,420,67,67,55,64,58,58,56,0,59,72,15,3,9,3,2011,3
169,Femenino,0,8,0,0,0,389,69,69,63,53,56,56,50,0,42,66,5,6,9,1,2011,1
170,Femenino,0,10,0,0,0,402,65,65,61,51,58,58,50,0,52,48,10,3,9,2,2011,1
171,Femenino,2,8,1,19,5,411,71,71,57,52,58,58,58,0,62,58,7,5,9,2,2011,2
172,Femenino,2,10,1,19,5,405,67,67,59,62,56,56,58,0,50,66,10,3,9,2,2011,1
173,Femenino,1,20,1,64,15,419,64,64,57,57,58,58,62,0,57,76,20,6,9,3,2011,1
174,Femenino,2,18,1,19,5,415,67,67,55,61,58,58,62,0,46,62,18,3,9,3,2011,2
175,Femenino,1,20,1,166,10,412,74,74,55,62,52,52,62,0,56,57,11,5,9,2,2011,1
176,Masculino,1,18,1,19,5,407,70,70,55,52,62,62,50,0,56,77,8,3,9,2,2011,1
177,Masculino,1,20,1,119,15,415,70,70,50,62,62,62,54,0,49,77,20,6,9,2,2011,2
178,Femenino,2,13,1,19,5,399,60,60,67,54,57,57,68,0,38,41,21,7,9,2,2011,1
179,Femenino,2,9,1,19,5,386,70,70,59,52,64,64,50,0,38,56,20,6,9,2,2011,2
180,Masculino,1,20,1,71,15,416,67,67,55,59,58,58,57,0,58,72,20,6,9,2,2011,2
181,Masculino,2,11,1,19,5,419,64,64,55,64,60,60,60,0,57,79,11,5,9,2,2011,2
182,Masculino,2,4,1,19,5,431,61,61,52,77,58,58,64,0,57,58,4,4,9,2,2011,2
183,Masculino,1,15,1,19,5,411,67,67,57,64,52,52,54,0,62,54,19,5,9,2,2011,1
184,Masculino,0,20,0,0,0,403,72,72,54,57,58,58,54,0,52,47,20,6,9,2,2011,1
185,Femenino,2,18,1,19,5,403,75,75,52,64,52,52,58,0,45,69,18,3,9,2,2011,1
186,Femenino,2,8,1,19,5,385,85,85,50,49,56,56,48,0,42,60,8,3,9,2,2011,1
187,Femenino,2,20,2,136,22,395,66,66,61,57,56,56,62,0,37,57,20,6,9,3,2011,1
188,Femenino,0,14,0,0,0,390,69,69,60,51,59,59,54,0,46,73,9,4,9,2,2011,2
189,Masculino,1,20,1,121,18,402,70,70,57,49,58,58,54,0,58,70,21,7,9,3,2011,1
190,Masculino,2,9,1,19,5,393,61,61,67,59,54,54,57,0,46,75,9,4,9,3,2011,2
191,Femenino,1,6,1,19,5,427,63,63,52,66,60,60,67,0,60,64,10,3,9,2,2011,1
192,Femenino,0,10,0,0,0,403,69,69,55,55,60,60,61,0,46,70,10,3,9,2,2011,1
193,Masculino,0,20,0,0,0,402,61,61,64,62,52,52,54,0,57,54,20,6,9,2,2011,2
194,Masculino,2,7,1,19,5,407,67,67,55,54,60,60,59,0,49,56,7,5,9,2,2011,1
195,Masculino,2,8,1,19,5,404,80,80,52,55,46,46,57,0,59,80,8,3,9,3,2011,2
196,Femenino,2,20,1,71,15,407,64,64,57,69,54,54,51,0,54,77,20,6,9,1,2011,2
197,Femenino,0,10,0,0,0,404,72,72,51,55,62,62,54,0,54,66,10,3,9,3,2011,2
198,Femenino,2,1,1,19,5,399,63,63,57,52,65,65,51,0,49,77,12,3,9,4,2011,2
199,Masculino,1,11,1,19,5,395,64,64,62,58,50,50,52,0,47,66,11,5,9,3,2011,2
200,Masculino,1,20,1,1,6,397,67,67,60,66,50,50,45,0,58,57,12,3,9,4,2011,2
201,Femenino,1,16,1,19,5,402,61,61,59,58,62,62,64,0,42,59,8,3,9,3,2011,1
202,Femenino,2,7,1,19,5,405,63,63,54,56,67,67,60,0,44,58,7,5,9,2,2011,2
203,Femenino,2,11,1,19,5,384,70,70,60,55,50,50,53,0,40,83,11,5,9,2,2011,2
204,Femenino,2,20,1,112,2,403,63,63,57,52,58,58,60,0,46,61,2,1,9,3,2011,2
205,Femenino,0,8,0,0,0,405,63,63,58,51,59,59,56,0,57,43,20,6,9,2,2011,1
206,Femenino,2,11,1,19,5,399,74,74,50,54,60,60,62,0,39,85,11,5,9,3,2011,2
207,Femenino,2,20,1,19,5,422,61,61,55,55,58,58,64,0,63,76,4,4,9,2,2011,2
208,Femenino,2,10,1,19,5,405,63,63,57,57,60,60,64,0,49,50,10,3,9,3,2011,2
209,Masculino,0,1,0,0,0,402,63,63,56,57,64,64,64,0,40,56,1,5,9,3,2011,1
210,Femenino,0,10,0,0,0,394,71,71,52,57,60,60,51,0,45,53,10,3,9,3,2011,2
211,Femenino,2,11,1,19,5,404,64,64,58,55,55,55,55,0,58,72,11,5,9,3,2011,2
212,Masculino,1,20,1,64,15,394,63,63,60,54,58,58,57,0,44,64,20,6,9,2,2011,2
213,Femenino,2,1,1,19,5,404,61,61,57,62,56,56,56,0,46,61,1,5,9,3,2011,2
214,Femenino,2,10,1,19,5,401,67,67,57,52,54,54,58,0,56,60,10,3,9,2,2011,2
215,Femenino,1,20,1,98,15,387,71,71,62,58,42,42,54,0,52,58,11,5,9,2,2011,2
216,Femenino,1,7,1,19,5,417,58,58,57,64,56,56,67,0,57,54,7,5,9,2,2011,1
217,Femenino,1,1,1,19,5,400,61,61,57,54,62,62,53,0,51,60,11,5,9,2,2011,1
218,Femenino,2,9,1,19,5,405,79,79,55,59,52,52,57,0,49,42,9,4,4,3,2011,1
219,Femenino,0,8,0,0,0,380,55,55,58,49,56,56,52,0,49,43,8,3,4,2,2011,1
220,Femenino,1,20,1,102,30,388,50,50,55,48,67,67,51,0,50,63,20,6,4,2,2011,2
221,Femenino,0,16,0,0,0,378,76,76,46,53,59,59,50,0,41,49,5,6,6,1,2011,1
222,Masculino,1,10,1,19,5,402,48,48,57,62,65,65,56,0,49,76,10,3,6,3,2011,2
223,Masculino,1,8,1,19,5,396,56,56,55,59,58,58,51,0,59,67,8,3,6,2,2011,2
224,Masculino,0,10,0,0,0,430,76,76,54,64,62,62,59,0,57,63,10,3,10,2,2011,2
225,Masculino,0,20,0,0,0,420,77,77,56,57,64,64,59,0,49,70,7,5,10,2,2011,2
226,Masculino,0,21,0,0,0,403,63,63,60,54,56,56,59,0,53,66,7,5,10,2,2011,2
227,Masculino,1,20,1,124,24,371,63,63,52,52,62,62,50,0,49,46,20,6,5,1,2011,1
228,Femenino,1,20,1,90,16,365,58,58,49,54,53,53,54,0,38,47,8,3,5,2,2011,2
229,Femenino,1,20,1,101,15,475,85,85,77,59,63,63,59,0,60,56,20,6,9,2,2012,2
230,Femenino,1,15,1,19,5,473,101,101,60,59,62,62,63,0,60,50,14,2,9,3,2012,2
231,Masculino,1,8,1,19,5,491,86,86,59,74,68,68,68,0,60,49,8,3,9,2,2012,1
232,Femenino,1,20,1,114,30,474,85,85,70,68,58,58,58,0,69,60,20,6,9,3,2012,2
233,Masculino,2,14,1,19,5,469,85,85,70,50,69,69,63,0,69,53,20,6,9,3,2012,2
234,Femenino,1,2,1,19,5,474,86,86,59,62,78,78,58,0,59,83,14,2,9,3,2012,1
235,Masculino,2,20,1,207,7,482,75,75,65,59,63,63,68,0,60,77,20,6,9,3,2012,2
236,Femenino,1,11,1,19,5,461,76,76,68,62,77,77,68,0,49,52,11,5,9,3,2012,2
237,Femenino,2,9,1,19,5,455,86,86,63,58,68,68,68,0,44,63,9,4,9,4,2012,2
238,Masculino,2,11,1,19,5,435,102,102,59,58,62,62,63,0,44,55,9,4,9,4,2012,2
239,Femenino,2,13,1,19,5,453,69,69,68,67,78,78,59,0,49,60,9,4,9,3,2012,2
240,Femenino,2,20,1,180,15,453,86,86,59,55,77,77,63,0,59,58,20,6,9,1,2012,1
241,Femenino,2,10,1,19,5,457,86,86,59,67,68,68,68,0,53,56,10,3,9,2,2012,1
242,Masculino,1,12,1,19,5,447,86,86,63,50,63,63,63,0,53,56,12,3,9,3,2012,1
243,Femenino,1,20,1,64,15,446,85,85,65,50,63,63,63,0,60,47,20,6,9,3,2012,1
244,Masculino,2,1,1,19,5,454,75,75,60,67,78,78,51,0,54,60,1,5,9,4,2012,2
245,Femenino,2,1,1,19,5,452,85,85,60,63,63,63,68,0,53,74,1,5,9,3,2012,2
246,Masculino,1,20,1,224,10,441,86,86,63,55,63,63,58,0,59,60,20,6,9,2,2012,2
247,Masculino,2,14,1,19,5,456,60,60,69,58,91,91,68,0,53,53,16,2,9,3,2012,2
248,Femenino,1,20,1,221,6,446,86,86,59,67,62,62,63,0,48,39,20,6,9,3,2012,2
249,Femenino,2,8,1,19,5,450,68,68,65,53,77,77,51,0,54,58,16,2,9,3,2012,2
250,Femenino,2,9,1,19,5,442,64,64,75,67,63,63,55,0,49,55,9,4,9,3,2012,2
251,Masculino,2,4,1,19,5,462,64,64,69,55,62,62,68,0,53,43,4,4,9,2,2012,2
252,Femenino,1,8,1,19,5,467,63,63,60,53,91,91,68,0,60,74,8,3,9,2,2012,1
253,Masculino,2,20,2,92,22,419,86,86,68,50,62,62,51,0,53,52,20,6,9,3,2012,1
254,Femenino,2,12,1,19,5,458,85,85,52,59,68,68,63,0,60,50,12,3,9,3,2012,2
255,Masculino,2,20,1,55,7,430,60,60,85,62,54,54,68,0,44,53,20,6,9,2,2012,2
256,Femenino,2,6,1,19,5,450,76,76,59,62,69,69,63,0,49,53,4,4,9,2,2012,2
257,Femenino,1,1,1,19,5,462,75,75,60,63,62,62,77,0,54,60,11,5,9,2,2012,1
258,Femenino,2,11,1,19,5,431,76,76,69,74,50,50,63,0,36,63,11,5,9,3,2012,3
259,Femenino,1,20,1,82,15,434,86,86,59,55,63,63,55,0,53,43,20,6,9,2,2012,2
260,Femenino,0,17,0,0,0,440,64,64,75,59,62,62,59,0,60,53,18,3,9,3,2012,1
261,Masculino,1,5,1,19,5,446,76,76,63,58,63,63,76,0,44,53,5,6,9,2,2012,2
262,Femenino,2,20,1,95,15,445,85,85,56,56,63,63,51,0,69,58,20,6,9,2,2012,2
263,Masculino,2,10,1,19,5,449,76,76,59,59,69,69,76,0,44,55,10,3,9,3,2012,2
264,Masculino,2,10,1,19,5,428,85,85,60,56,62,62,63,0,41,60,8,3,9,3,2012,2
265,Femenino,2,15,1,19,5,447,85,85,52,56,69,69,59,0,60,60,18,3,9,3,2012,2
266,Femenino,2,20,1,151,19,428,86,86,59,58,58,58,48,0,53,56,20,6,9,3,2012,2
267,Femenino,2,13,1,19,5,442,76,76,63,62,63,63,68,0,53,55,1,5,9,4,2012,2
268,Femenino,2,16,1,19,5,423,85,85,60,75,54,54,48,0,41,60,8,3,9,2,2012,1
269,Femenino,2,10,1,19,5,433,75,75,65,56,63,63,48,0,60,47,10,3,9,3,2012,1
270,Masculino,1,20,1,11,15,435,69,69,63,55,78,78,58,0,44,53,20,6,9,3,2012,2
271,Masculino,2,10,1,19,5,466,64,64,55,52,91,91,63,0,69,56,10,3,9,3,2012,2
272,Femenino,2,10,1,19,5,439,85,85,52,56,69,69,48,0,60,63,10,3,9,3,2012,2
273,Masculino,1,14,1,19,5,450,85,85,60,47,53,53,77,0,69,56,14,2,9,3,2012,2
274,Masculino,1,12,1,19,5,456,63,63,65,56,68,68,59,0,69,63,12,3,9,3,2012,1
275,Femenino,1,11,1,19,5,426,85,85,60,59,58,58,55,0,49,52,8,3,9,3,2012,2
276,Femenino,1,14,1,19,5,432,76,76,63,52,69,69,63,0,49,56,8,3,9,3,2012,1
277,Femenino,1,20,1,82,15,452,68,68,65,47,69,69,77,0,60,77,20,6,9,2,2012,2
278,Masculino,1,11,1,19,5,447,69,69,63,67,63,63,63,0,53,53,11,5,9,2,2012,2
279,Masculino,1,14,1,19,5,439,86,86,59,55,50,50,55,0,69,47,19,5,9,2,2012,2
280,Femenino,2,8,1,19,5,449,59,59,70,56,62,62,51,0,69,60,8,3,9,3,2012,2
281,Masculino,1,21,1,117,14,441,76,76,59,52,57,57,58,0,48,63,20,6,9,2,2012,1
282,Femenino,2,6,1,19,5,427,68,68,70,59,62,62,59,0,45,47,6,5,9,2,2012,2
283,Femenino,1,14,1,19,5,451,69,69,63,59,63,63,59,0,69,60,18,3,9,2,2012,1
284,Masculino,1,20,1,221,6,434,76,76,63,55,57,57,59,0,53,68,20,6,9,1,2012,2
285,Femenino,1,18,1,19,5,444,86,86,55,52,54,54,68,0,60,52,18,3,9,3,2012,2
286,Femenino,1,20,1,180,15,447,64,64,59,52,91,91,68,0,53,58,20,6,9,1,2012,2
287,Femenino,2,11,1,19,5,461,86,86,47,58,58,58,76,0,59,50,10,3,9,3,2012,2
288,Femenino,2,21,1,19,5,455,75,75,60,53,63,63,63,0,84,63,10,3,9,2,2012,1
289,Femenino,1,20,1,89,30,418,85,85,65,59,49,49,55,0,54,50,20,6,9,2,2012,2
290,Femenino,2,9,1,19,5,452,63,63,65,63,69,69,63,0,69,80,10,3,9,3,2012,1
291,Femenino,2,20,1,226,15,436,76,76,59,67,62,62,55,0,53,71,20,6,9,2,2012,2
292,Masculino,2,11,1,19,5,422,59,59,76,59,69,69,58,0,49,60,10,3,9,4,2012,2
293,Femenino,0,15,0,0,0,427,85,85,59,54,56,56,53,0,62,51,15,3,9,3,2012,2
294,Masculino,2,20,1,180,15,422,86,86,59,52,58,58,59,0,53,60,20,6,9,2,2012,2
295,Femenino,0,20,0,0,0,431,85,85,56,56,63,63,68,0,53,49,19,5,9,1,2012,2
296,Masculino,2,11,1,19,5,433,75,75,60,63,63,63,63,0,49,55,11,5,9,2,2012,2
297,Masculino,2,15,1,19,5,438,64,64,69,58,62,62,55,0,69,55,5,6,9,2,2012,2
298,Femenino,1,20,1,203,15,420,86,86,59,55,54,54,58,0,48,47,11,5,9,3,2012,2
299,Femenino,2,7,1,19,5,395,76,76,75,58,50,50,58,0,28,60,20,6,9,2,2012,2
300,Masculino,1,4,1,19,5,429,69,69,68,67,57,57,63,0,49,49,4,4,9,2,2012,1
301,Femenino,2,20,1,106,15,437,75,75,60,59,54,54,63,0,49,56,21,7,9,3,2012,2
302,Femenino,1,11,1,19,5,426,86,86,55,58,58,58,63,0,44,43,11,5,9,2,2012,2
303,Masculino,1,10,1,19,5,417,64,64,75,52,63,63,55,0,53,43,10,3,9,2,2012,1
304,Femenino,1,7,1,19,5,446,69,69,63,55,58,58,76,0,53,56,7,5,9,2,2012,2
305,Femenino,2,7,1,19,5,418,85,85,56,59,62,62,48,0,49,53,7,5,9,2,2012,1
306,Masculino,1,7,1,19,5,423,86,86,55,49,63,63,55,0,53,50,7,5,9,2,2012,2
307,Masculino,2,8,1,19,5,458,63,63,60,56,68,68,51,0,84,50,8,3,9,2,2012,1
308,Femenino,2,1,1,19,5,446,76,76,59,59,58,58,68,0,69,52,11,5,9,2,2012,2
309,Masculino,2,20,1,40,15,456,68,68,56,59,69,69,63,0,69,63,20,6,9,2,2012,2
310,Masculino,2,11,1,19,5,461,68,68,60,53,63,63,68,0,84,61,10,3,9,3,2012,2
311,Femenino,2,10,1,19,5,453,64,64,59,74,63,63,68,0,53,66,10,3,9,3,2012,2
312,Femenino,2,20,1,226,15,440,64,64,63,58,68,68,63,0,53,66,20,6,9,3,2012,2
313,Masculino,1,20,1,226,15,430,75,75,60,56,63,63,68,0,45,50,20,6,9,2,2012,2
314,Femenino,2,15,1,19,5,441,63,63,60,56,78,78,55,0,60,80,19,5,9,2,2012,2
315,Femenino,2,11,1,19,5,387,86,86,63,52,58,58,45,0,23,66,11,5,9,3,2012,2
316,Femenino,1,4,1,19,5,431,69,69,69,55,50,50,63,0,59,49,18,3,9,1,2012,2
317,Femenino,2,7,1,19,5,417,75,75,65,47,58,58,55,0,49,43,7,5,9,3,2012,1
318,Femenino,2,11,1,19,5,431,69,69,69,55,54,54,68,0,59,47,11,5,9,3,2012,2
319,Masculino,2,11,1,19,5,430,64,64,63,55,77,77,51,0,59,58,11,5,9,3,2012,2
320,Masculino,2,4,1,19,5,427,76,76,59,55,68,68,55,0,60,50,4,4,9,3,2012,1
321,Femenino,1,16,1,19,5,432,76,76,59,50,62,62,68,0,53,43,8,3,9,2,2012,2
322,Femenino,1,20,1,139,18,400,76,76,63,58,69,69,41,0,40,49,16,2,9,3,2012,2
323,Masculino,2,11,1,19,5,401,64,64,68,67,69,69,51,0,17,83,13,1,9,4,2012,2
324,Masculino,2,20,1,180,15,419,86,86,55,47,58,58,55,0,53,66,20,6,9,3,2012,2
325,Femenino,1,20,1,226,15,431,68,68,65,59,58,58,59,0,60,52,20,6,9,2,2012,2
326,Femenino,1,20,1,207,7,421,68,68,65,59,63,63,55,0,49,60,20,6,9,3,2012,1
327,Masculino,2,20,1,55,7,425,76,76,59,52,63,63,63,0,49,55,20,6,9,3,2012,1
328,Femenino,1,10,1,19,5,427,63,63,70,56,58,58,63,0,54,52,10,3,9,3,2012,1
329,Masculino,2,7,1,19,5,415,76,76,63,55,62,62,55,0,53,49,8,3,9,3,2012,2
330,Femenino,1,20,1,226,15,428,68,68,65,59,57,57,55,0,60,49,20,6,9,1,2012,1
331,Masculino,2,6,1,19,5,434,75,75,56,63,62,62,59,0,60,49,19,5,9,2,2012,2
332,Femenino,2,10,1,19,5,431,69,69,59,55,69,69,55,0,59,63,10,3,9,3,2012,1
333,Femenino,1,15,1,19,5,448,68,68,56,56,68,68,63,0,69,45,4,4,9,2,2012,2
334,Masculino,1,16,1,19,5,419,60,60,75,55,57,57,68,0,48,60,16,2,9,3,2012,2
335,Masculino,2,9,1,19,5,431,64,64,63,50,69,69,63,0,53,66,9,4,9,3,2012,2
336,Femenino,2,9,1,19,5,446,75,75,52,63,57,57,63,0,60,60,9,4,9,3,2012,1
337,Masculino,1,5,1,19,5,437,63,63,60,50,77,77,63,0,60,45,7,5,9,2,2012,1
338,Femenino,2,5,1,19,5,417,75,75,60,56,62,62,51,0,54,52,5,6,9,1,2012,2
339,Femenino,2,18,1,19,5,433,68,68,60,56,69,69,63,0,60,58,18,3,9,3,2012,2
340,Femenino,2,9,1,19,5,428,86,86,51,52,54,54,68,0,48,50,9,4,9,3,2012,1
341,Masculino,2,15,1,19,5,396,64,64,59,55,50,50,58,0,48,68,8,3,7,3,2012,2
342,Masculino,2,20,1,180,15,392,59,59,49,47,69,69,59,0,49,58,20,6,7,2,2012,1
343,Femenino,2,14,1,19,5,429,51,51,49,48,63,63,64,0,51,45,8,3,7,2,2012,1
344,Femenino,2,18,1,19,5,351,48,48,50,52,46,46,52,0,47,66,18,3,7,3,2012,2
345,Femenino,1,20,1,180,15,421,68,68,65,53,58,58,63,0,45,47,20,6,4,1,2012,2
346,Masculino,1,9,1,19,5,427,63,63,45,47,69,69,68,0,69,66,17,2,4,2,2012,2
347,Femenino,1,18,1,19,5,447,75,75,60,63,69,69,63,0,49,61,5,6,6,2,2012,2
348,Femenino,1,10,1,19,5,431,75,75,56,56,54,54,68,0,60,58,10,3,6,2,2012,2
349,Femenino,1,18,1,19,5,457,69,69,47,55,57,57,89,0,69,47,18,3,6,2,2012,1
350,Femenino,1,20,2,52,22,356,68,68,52,47,45,45,37,0,53,43,20,6,5,2,2012,2
351,Masculino,2,10,1,19,5,430,59,59,56,56,69,69,76,0,45,58,1,5,9,3,2012,2
352,Femenino,0,6,0,0,0,483,116,116,75,60,59,59,62,0,55,80,15,3,9,3,2012,2
353,Femenino,0,14,0,0,0,447,91,91,63,56,63,63,51,0,61,75,7,5,9,2,2012,2
354,Femenino,0,14,0,0,0,442,89,89,65,59,63,63,53,0,60,75,15,3,9,3,2012,2
355,Masculino,0,11,0,0,0,454,75,75,71,54,65,65,55,0,74,53,11,5,9,2,2012,2
356,Femenino,0,6,0,0,0,428,78,78,77,62,54,54,58,0,43,50,19,5,9,2,2012,2
357,Femenino,1,20,1,214,28,433,86,86,59,58,78,78,58,0,44,36,8,3,9,3,2012,2
358,Masculino,0,15,0,0,0,451,79,79,63,58,63,63,63,0,55,75,15,3,9,3,2012,2
359,Masculino,0,20,0,0,0,425,84,84,68,58,59,59,48,0,50,61,20,6,9,2,2012,2
360,Femenino,1,11,1,19,5,461,76,76,63,62,63,63,63,0,69,55,11,5,9,3,2012,2
361,Femenino,2,1,1,19,5,464,63,63,65,63,78,78,69,0,54,52,1,5,9,3,2012,4
362,Femenino,2,7,1,19,5,442,69,69,68,55,69,69,63,0,49,56,19,5,9,2,2012,2
363,Masculino,0,9,0,0,0,442,63,63,76,55,66,66,61,0,63,77,8,3,9,2,2012,2
364,Femenino,0,7,0,0,0,444,69,69,72,55,61,61,63,0,67,63,7,5,9,2,2012,2
365,Femenino,2,12,1,19,5,436,69,69,69,55,69,69,55,0,59,60,10,3,9,3,2012,2
366,Femenino,0,6,0,0,0,420,75,75,71,56,61,61,55,0,48,88,6,5,9,3,2012,2
367,Femenino,1,20,1,117,14,455,71,71,57,72,67,67,69,0,57,72,21,7,9,1,2012,2
368,Masculino,0,10,0,0,0,421,71,71,68,65,59,59,55,0,43,77,18,3,9,2,2012,2
369,Femenino,0,16,0,0,0,441,74,74,62,65,61,61,62,0,64,70,16,2,9,3,2012,2
370,Femenino,1,4,1,19,5,441,75,75,60,53,58,58,63,0,60,50,4,4,9,2,2012,2
371,Femenino,1,8,1,19,5,427,69,69,69,49,63,63,55,0,69,60,8,3,9,2,2012,1
372,Masculino,2,11,1,19,5,445,75,75,56,56,58,58,63,0,60,74,4,4,9,3,2012,3
373,Femenino,0,20,0,0,0,427,65,65,69,59,61,61,56,0,57,56,20,6,9,3,2012,2
374,Femenino,2,10,1,19,5,432,76,76,59,50,63,63,59,0,60,53,10,3,9,3,2012,2
375,Femenino,0,20,0,0,0,414,83,83,60,58,61,61,51,0,55,63,10,3,9,3,2012,2
376,Femenino,0,20,0,0,0,421,71,71,68,58,56,56,57,0,55,43,5,6,9,2,2012,1
377,Femenino,1,20,1,224,10,419,76,76,63,67,57,57,48,0,59,55,7,5,9,2,2012,2
378,Femenino,1,20,1,64,15,429,68,68,60,56,77,77,63,0,49,43,20,6,9,1,2012,2
379,Femenino,2,20,3,207,7,422,68,68,63,60,66,66,44,0,55,80,20,6,9,3,2012,1
380,Femenino,2,8,1,19,5,443,64,64,63,55,68,68,63,0,69,63,7,5,9,2,2012,1
381,Femenino,2,13,1,19,5,440,68,68,65,68,50,50,76,0,53,53,10,3,9,3,2012,2
382,Femenino,1,15,1,19,5,429,69,69,69,56,52,52,73,0,55,43,4,4,9,2,2012,2
383,Masculino,0,2,0,0,0,417,75,75,65,57,54,54,56,0,52,57,13,1,9,4,2012,2
384,Femenino,0,14,0,0,0,409,68,68,72,41,61,61,60,0,50,68,6,5,9,3,2012,1
385,Femenino,1,6,1,19,5,450,68,68,60,50,58,58,58,0,84,55,6,5,9,2,2012,1
386,Masculino,1,20,1,222,15,421,68,68,65,53,63,63,55,0,54,58,20,6,9,1,2012,2
387,Femenino,2,9,1,19,5,443,60,60,59,62,78,78,68,0,53,50,10,3,9,3,2012,1
388,Femenino,2,20,1,119,15,415,76,76,59,62,63,63,58,0,40,49,11,5,9,3,2012,1
389,Masculino,0,20,0,0,0,405,65,65,72,57,63,63,56,0,44,42,11,5,9,2,2012,2
390,Femenino,1,4,1,19,5,410,64,64,69,46,69,69,58,0,44,58,4,4,9,2,2012,2
391,Femenino,2,19,1,19,5,424,69,69,63,55,63,63,58,0,59,39,19,5,9,2,2012,2
392,Masculino,1,5,1,19,5,421,63,63,60,59,78,78,51,0,45,45,5,6,9,1,2012,1
393,Femenino,0,9,0,0,0,404,79,79,62,56,59,59,60,0,39,48,9,4,9,2,2012,2
394,Femenino,0,11,0,0,0,427,81,81,53,57,60,60,62,0,56,65,8,3,9,2,2012,1
395,Femenino,0,20,0,0,0,387,79,79,69,47,54,54,58,0,31,43,11,5,9,2,2012,2
396,Masculino,1,19,1,19,5,398,86,86,55,52,63,63,45,0,40,41,19,5,9,1,2012,1
397,Femenino,0,20,0,0,0,423,71,71,62,56,63,63,65,0,53,72,8,3,9,2,2012,2
398,Femenino,2,1,1,19,5,403,86,86,59,44,58,58,55,0,53,43,10,3,9,3,2012,1
399,Femenino,0,20,0,0,0,417,71,71,66,55,54,54,63,0,52,63,20,6,9,2,2012,2
400,Femenino,1,5,1,19,5,442,64,64,59,55,69,69,63,0,69,71,5,6,9,2,2012,1
401,Femenino,1,13,1,19,5,425,75,75,60,53,54,54,68,0,53,71,13,1,9,3,2012,2
402,Masculino,2,12,1,19,5,408,68,68,65,56,68,68,55,0,45,53,12,3,9,3,2012,2
403,Masculino,2,7,1,19,5,431,69,69,55,49,78,78,51,0,69,60,7,5,9,2,2012,2
404,Femenino,2,11,1,19,5,416,76,76,59,58,58,58,55,0,53,68,11,5,9,4,2012,2
405,Femenino,2,11,1,19,5,419,69,69,63,59,53,53,55,0,49,52,1,5,9,3,2012,2
406,Masculino,1,14,1,19,5,413,68,68,65,63,54,54,59,0,41,50,8,3,9,3,2012,2
407,Masculino,1,10,1,19,5,427,78,78,53,68,53,53,57,0,53,56,10,3,9,2,2012,2
408,Masculino,0,16,0,0,0,419,68,68,63,49,61,61,53,0,61,60,8,3,9,2,2012,2
409,Femenino,2,16,1,19,5,408,85,85,56,50,50,50,51,0,53,41,16,2,9,3,2012,2
410,Femenino,2,8,1,19,5,407,76,76,59,52,57,57,55,0,40,53,8,3,9,3,2012,1
411,Femenino,2,20,1,95,15,405,75,75,65,53,50,50,51,0,54,52,20,6,9,3,2012,1
412,Femenino,2,10,1,19,5,402,75,75,60,59,63,63,48,0,45,68,10,3,9,3,2012,2
413,Masculino,1,6,1,19,5,429,64,64,59,52,69,69,63,0,53,43,18,3,9,2,2012,2
414,Femenino,1,16,1,19,5,415,69,69,59,59,69,69,55,0,49,55,10,3,9,3,2012,2
415,Masculino,0,11,0,0,0,417,83,83,52,54,61,61,39,0,75,68,20,6,9,3,2012,2
416,Masculino,2,20,1,143,7,415,63,63,70,53,49,49,63,0,49,45,7,5,9,2,2012,1
417,Femenino,2,11,1,19,5,413,75,75,60,53,57,57,63,0,49,55,11,5,9,3,2012,2
418,Femenino,2,2,1,19,5,431,75,75,49,56,69,69,63,0,53,49,10,3,9,3,2012,1
419,Femenino,0,20,0,0,0,412,60,60,72,54,57,57,55,0,58,45,8,3,9,2,2012,2
420,Femenino,0,6,0,0,0,424,71,71,54,60,68,68,50,0,60,60,6,5,9,2,2012,1
421,Femenino,2,20,1,98,15,426,63,63,60,50,69,69,58,0,60,49,20,6,9,3,2012,1
422,Masculino,0,1,0,0,0,431,66,66,59,52,66,66,72,0,58,65,11,5,9,2,2012,1
423,Femenino,0,8,0,0,0,407,68,68,63,52,66,66,51,0,53,72,8,3,9,3,2012,2
424,Femenino,0,20,0,0,0,375,69,69,72,56,52,52,44,0,22,45,11,5,9,2,2012,2
425,Masculino,2,19,1,19,5,405,69,69,68,47,54,54,59,0,53,50,19,5,9,1,2012,1
426,Masculino,0,15,0,0,0,430,63,63,56,53,78,78,51,0,69,55,5,6,9,2,2012,1
427,Femenino,1,9,1,19,5,392,69,69,69,44,58,58,55,0,40,52,8,3,9,2,2012,1
428,Femenino,1,14,1,19,5,410,69,69,63,50,63,63,68,0,44,52,14,2,9,2,2012,1
429,Masculino,2,1,1,19,5,413,75,75,56,56,63,63,63,0,45,83,1,5,9,3,2012,2
430,Masculino,0,18,0,0,0,423,71,71,54,60,63,63,53,0,55,65,8,3,9,2,2012,2
431,Masculino,1,20,1,74,29,393,68,68,70,50,57,57,48,0,49,41,20,6,9,1,2012,1
432,Femenino,1,7,1,19,5,402,64,64,69,52,63,63,58,0,48,45,20,6,9,2,2012,1
433,Femenino,1,19,1,19,5,412,75,75,56,50,63,63,48,0,60,45,8,3,9,2,2012,1
434,Masculino,1,8,1,19,5,454,59,59,52,56,78,78,59,0,84,49,8,3,9,2,2012,2
435,Masculino,2,9,1,19,5,426,69,69,55,55,68,68,51,0,69,49,9,4,9,3,2012,2
436,Femenino,1,8,1,19,5,415,63,63,65,44,63,63,55,0,60,58,8,3,9,3,2012,1
437,Femenino,2,19,1,19,5,418,60,60,63,50,69,69,51,0,60,47,19,5,9,1,2012,1
438,Femenino,0,15,0,0,0,390,74,74,66,50,57,57,56,0,41,47,14,2,9,2,2012,1
439,Femenino,2,8,1,19,5,405,76,76,55,59,63,63,51,0,44,53,8,3,9,2,2012,2
440,Masculino,0,20,0,0,0,416,60,60,66,59,63,63,58,0,55,59,20,6,9,2,2012,2
441,Femenino,2,11,1,19,5,409,75,75,56,56,62,62,51,0,53,52,11,5,9,2,2012,1
442,Masculino,2,8,1,19,5,428,64,64,59,52,63,63,63,0,59,52,8,3,9,3,2012,2
443,Femenino,0,8,0,0,0,403,68,68,66,54,54,54,53,0,50,68,21,7,9,3,2012,1
444,Femenino,2,8,1,19,5,425,76,76,51,52,58,58,63,0,53,63,10,3,9,3,2012,2
445,Femenino,2,8,1,19,5,442,63,63,52,68,69,69,68,0,60,71,8,3,9,2,2012,2
446,Femenino,0,6,0,0,0,410,71,71,57,58,68,68,52,0,52,47,6,5,9,3,2012,2
447,Masculino,1,20,1,221,6,415,67,67,60,50,65,65,62,0,51,73,20,6,9,3,2012,2
448,Masculino,1,4,1,19,5,432,63,63,60,59,58,58,48,0,84,56,18,3,9,2,2012,2
449,Femenino,2,11,1,19,5,429,68,68,52,59,69,69,68,0,53,74,16,2,9,3,2012,2
450,Femenino,0,11,0,0,0,415,75,75,55,56,56,56,63,0,50,80,13,1,9,4,2012,2
451,Masculino,2,20,1,180,15,427,68,68,56,56,58,58,63,0,60,50,20,6,9,3,2012,2
452,Masculino,2,8,1,19,5,411,69,69,59,55,63,63,63,0,49,47,19,5,9,2,2012,2
453,Masculino,1,11,1,19,5,424,55,55,65,63,69,69,77,0,49,52,11,5,9,2,2012,2
454,Femenino,1,10,1,19,5,416,59,59,65,44,63,63,63,0,53,56,3,1,9,2,2012,1
455,Femenino,1,12,1,19,5,409,68,68,60,56,57,57,59,0,45,53,8,3,9,3,2012,2
456,Femenino,0,20,0,0,0,415,54,54,68,54,63,63,57,0,55,47,13,1,9,3,2012,2
457,Femenino,2,5,1,19,5,386,76,76,59,52,58,58,33,0,48,50,5,6,9,2,2012,1
458,Femenino,2,20,1,180,15,391,63,63,70,47,62,62,51,0,49,39,20,6,9,2,2012,1
459,Femenino,0,11,0,0,0,408,68,68,62,60,54,54,57,0,53,55,11,5,9,2,2012,2
460,Femenino,1,19,1,19,5,424,55,55,65,50,63,63,77,0,49,61,19,5,9,1,2012,2
461,Femenino,0,8,0,0,0,401,75,75,59,52,59,59,62,0,50,37,8,3,9,2,2012,2
462,Femenino,0,3,0,0,0,416,74,74,52,60,59,59,53,0,58,48,17,2,9,2,2012,2
463,Masculino,0,16,0,0,0,423,74,74,65,62,59,59,51,0,58,68,16,2,10,3,2012,3
464,Masculino,1,16,1,19,5,385,53,53,52,64,62,62,50,0,44,70,19,5,10,2,2012,2
465,Masculino,0,20,0,0,0,389,65,65,69,52,54,54,47,0,52,40,10,3,7,2,2012,2
466,Masculino,2,20,1,106,15,389,58,58,60,57,58,58,47,0,51,69,9,4,7,3,2012,2
467,Femenino,1,10,1,19,5,387,56,56,52,48,58,58,59,0,50,94,7,5,7,2,2012,2
468,Masculino,1,20,1,79,15,375,56,56,43,62,58,58,55,0,49,50,20,6,7,3,2012,2
469,Femenino,2,20,2,23,31,362,48,48,52,44,62,62,51,0,49,43,20,6,7,1,2012,2
470,Masculino,0,13,0,0,0,357,46,46,43,44,50,50,58,0,59,43,8,3,7,2,2012,1
471,Masculino,2,20,1,50,23,405,68,68,56,56,54,54,63,0,53,50,5,6,4,2,2012,1
472,Masculino,1,10,1,19,5,413,55,55,49,50,68,68,69,0,54,47,10,3,4,3,2012,1
473,Femenino,1,11,1,19,5,422,55,55,60,59,68,68,63,0,49,43,11,5,6,2,2012,2
474,Masculino,1,5,1,19,5,401,63,63,52,50,69,69,51,0,53,52,5,6,6,1,2012,2
475,Masculino,1,15,1,19,5,409,55,55,56,53,63,63,59,0,54,58,18,3,6,2,2012,2
476,Masculino,0,20,0,0,0,386,71,71,55,56,54,54,53,0,43,46,20,6,5,2,2012,2
477,Femenino,1,4,1,19,5,388,61,61,58,58,48,48,53,0,56,52,5,6,5,2,2012,1
478,Femenino,0,20,0,0,0,368,59,59,54,57,59,59,51,0,43,35,20,6,5,2,2012,2
479,Femenino,1,11,1,19,5,377,64,64,47,52,58,58,51,0,48,45,11,5,5,2,2012,2
480,Masculino,1,20,1,167,29,374,52,52,55,52,57,57,51,0,60,43,11,5,5,2,2012,1
481,Femenino,2,9,1,19,5,479,108,108,61,68,57,57,65,0,55,70,9,4,9,3,2013,2
482,Masculino,1,6,1,19,5,464,77,77,78,73,64,64,54,0,59,68,19,5,9,2,2013,2
483,Femenino,2,13,1,19,5,471,85,85,67,61,67,67,64,0,62,75,10,3,9,3,2013,2
484,Femenino,2,16,1,19,5,460,77,77,70,61,67,67,67,0,53,65,16,2,9,3,2013,1
485,Femenino,0,20,0,0,0,420,113,113,54,64,60,60,39,0,44,61,6,5,9,2,2013,3
486,Femenino,2,16,1,19,5,459,80,80,70,55,61,61,64,0,66,72,16,2,9,3,2013,2
487,Femenino,2,19,1,19,5,467,91,91,52,62,74,74,63,0,60,61,19,5,9,1,2013,2
488,Masculino,2,2,1,19,5,452,80,80,67,61,65,65,67,0,47,65,9,4,9,4,2013,3
489,Femenino,1,6,1,19,5,441,85,85,67,61,61,61,54,0,50,50,6,5,9,3,2013,1
490,Femenino,1,20,1,185,15,452,84,84,62,73,65,65,64,0,47,68,20,6,9,2,2013,1
491,Masculino,1,10,1,19,5,461,91,91,53,61,67,67,64,0,57,80,10,3,9,3,2013,2
492,Femenino,2,11,1,19,5,442,90,90,62,64,57,57,62,0,47,70,11,5,9,2,2013,2
493,Femenino,2,11,1,19,5,446,80,80,67,61,58,58,59,0,50,77,11,5,9,3,2013,2
494,Femenino,1,20,1,226,15,459,80,80,61,64,68,68,60,0,61,51,20,6,9,1,2013,2
495,Femenino,1,1,1,19,5,449,76,76,67,66,63,63,64,0,51,59,1,5,9,3,2013,2
496,Femenino,0,20,0,0,0,442,86,86,63,55,58,58,68,0,44,52,5,6,9,2,2013,3
497,Masculino,2,9,1,19,5,450,81,81,64,60,59,59,65,0,58,75,9,4,9,4,2013,3
498,Femenino,2,8,1,19,5,421,90,90,66,53,56,56,56,0,45,58,8,3,9,2,2013,2
499,Femenino,2,10,1,19,5,450,74,74,67,67,59,59,64,0,56,65,10,3,9,3,2013,2
500,Femenino,2,8,1,19,5,419,90,90,70,54,48,48,55,0,54,55,8,3,9,3,2013,2
501,Masculino,2,10,1,19,5,452,73,73,70,55,59,59,69,0,66,70,10,3,9,3,2013,2
502,Femenino,1,14,1,19,5,426,90,90,59,54,67,67,62,0,40,56,7,5,9,2,2013,2
503,Femenino,2,10,1,19,5,452,73,73,65,64,59,59,67,0,53,75,10,3,9,3,2013,2
504,Masculino,2,20,1,71,15,433,97,97,53,64,55,55,59,0,45,77,20,6,9,3,2013,2
505,Femenino,1,20,1,119,15,444,81,81,62,57,55,55,64,0,51,51,20,6,9,2,2013,1
506,Femenino,1,14,1,19,5,451,64,64,65,67,74,74,54,0,56,65,11,5,9,3,2013,3
507,Masculino,2,20,1,121,18,436,69,69,75,67,54,54,63,0,53,55,2,1,9,4,2013,2
508,Masculino,2,13,1,19,5,449,70,70,65,67,64,64,62,0,56,83,12,3,9,4,2013,1
509,Femenino,2,20,1,180,15,462,70,70,60,73,67,67,76,0,53,72,20,6,9,2,2013,1
510,Femenino,1,14,1,19,5,426,90,90,55,61,57,57,50,0,39,61,16,2,9,3,2013,2
511,Femenino,2,9,1,19,5,435,85,85,57,60,64,64,58,0,50,70,13,1,9,4,2013,1
512,Femenino,1,7,1,19,5,435,76,76,65,67,56,56,64,0,45,51,7,5,9,2,2013,1
513,Femenino,1,20,1,106,15,451,77,77,59,62,62,62,65,0,63,77,20,6,9,2,2013,1
514,Masculino,2,10,1,19,5,439,80,80,57,61,65,65,59,0,50,68,10,3,9,3,2013,1
515,Masculino,1,15,1,19,5,435,81,81,61,58,57,57,63,0,50,68,4,4,9,2,2013,2
516,Femenino,2,4,1,19,5,425,74,74,67,59,61,61,54,0,47,68,12,3,9,4,2013,1
517,Masculino,2,17,1,19,5,447,70,70,62,61,74,74,66,0,60,70,19,5,9,3,2013,2
518,Femenino,2,11,1,19,5,423,80,80,65,61,59,59,57,0,49,80,11,5,9,2,2013,2
519,Masculino,1,11,1,19,5,443,74,74,60,64,64,64,71,0,42,55,11,5,9,2,2013,1
520,Femenino,1,3,1,19,5,447,70,70,67,57,57,57,69,0,61,50,20,6,9,1,2013,1
521,Femenino,2,15,1,19,5,432,84,84,61,62,53,53,63,0,52,61,14,2,9,3,2013,2
522,Femenino,2,11,1,19,5,444,76,76,57,67,68,68,64,0,50,75,11,5,9,2,2013,2
523,Femenino,2,8,1,19,5,441,77,77,61,69,57,57,66,0,53,51,8,3,9,3,2013,2
524,Femenino,1,9,1,19,5,436,85,85,54,62,62,62,58,0,52,94,9,4,9,3,2013,1
525,Femenino,1,11,1,19,5,435,74,74,67,59,57,57,61,0,63,63,11,5,9,3,2013,2
526,Femenino,2,20,1,106,15,439,85,85,57,56,55,55,65,0,58,83,9,4,9,2,2013,1
527,Femenino,1,20,2,169,22,448,67,67,65,61,55,55,76,0,45,55,20,6,9,2,2013,2
528,Femenino,2,11,1,19,5,451,67,67,64,65,59,59,68,0,60,83,11,5,9,3,2013,1
529,Femenino,1,19,1,19,5,437,74,74,62,57,61,61,64,0,51,56,19,5,9,2,2013,2
530,Masculino,1,8,1,19,5,429,77,77,62,59,64,64,64,0,47,68,8,3,9,3,2013,1
531,Femenino,1,14,1,19,5,429,90,90,52,58,63,63,56,0,55,50,8,3,9,2,2013,2
532,Femenino,2,11,1,19,5,439,77,77,61,56,57,57,65,0,58,57,11,5,9,3,2013,1
533,Masculino,2,5,1,19,5,439,74,74,59,60,64,64,56,0,58,56,5,6,9,2,2013,1
534,Femenino,2,7,1,19,5,448,74,74,60,73,55,55,71,0,56,70,7,5,9,2,2013,2
535,Femenino,1,20,1,225,15,426,65,65,76,62,51,51,62,0,55,80,20,6,9,2,2013,1
536,Femenino,2,8,1,19,5,442,74,74,57,52,67,67,64,0,53,75,8,3,9,3,2013,2
537,Femenino,0,18,0,0,0,420,61,61,78,54,59,59,54,0,56,47,4,4,9,2,2013,2
538,Masculino,1,14,1,19,5,437,77,77,57,58,64,64,58,0,55,57,9,4,9,3,2013,2
539,Femenino,1,4,1,19,5,433,76,76,59,67,63,63,58,0,53,49,4,4,9,2,2013,2
540,Femenino,1,20,1,110,8,405,86,86,59,52,69,69,55,0,36,43,19,5,9,2,2013,2
541,Femenino,1,7,1,19,5,432,68,68,65,59,69,69,63,0,53,61,7,5,9,2,2013,1
542,Masculino,2,15,1,19,5,442,67,67,67,60,52,52,69,0,56,60,18,3,9,3,2013,2
543,Femenino,2,11,1,19,5,411,80,80,67,57,54,54,64,0,40,52,2,1,9,1,2013,1
544,Femenino,2,20,1,106,15,433,72,72,66,60,54,54,63,0,58,58,20,6,9,3,2013,2
545,Femenino,2,9,1,19,5,424,85,85,57,57,55,55,57,0,50,83,9,4,9,4,2013,1
546,Femenino,2,8,1,19,5,430,77,77,61,65,53,53,54,0,55,57,7,5,9,2,2013,1
547,Femenino,2,1,1,19,5,419,81,81,59,58,64,64,58,0,45,50,11,5,9,3,2013,2
548,Masculino,2,11,1,19,5,437,64,64,67,73,57,57,71,0,42,61,11,5,9,3,2013,2
549,Masculino,2,11,1,19,5,436,75,75,60,59,62,62,68,0,53,63,11,5,9,2,2013,2
550,Masculino,1,20,1,201,7,427,81,81,65,55,44,44,62,0,62,52,8,3,9,2,2013,2
551,Femenino,0,20,0,0,0,416,75,75,66,54,59,59,51,0,53,75,11,5,9,2,2013,1
552,Femenino,2,11,1,19,5,420,84,84,60,64,56,56,57,0,56,77,11,5,9,2,2013,2
553,Femenino,1,7,1,19,5,448,67,67,60,61,67,67,73,0,57,50,7,5,9,1,2013,1
554,Masculino,1,20,1,180,15,424,67,67,70,59,55,55,57,0,53,52,20,6,9,1,2013,1
555,Femenino,1,8,1,19,5,406,77,77,67,57,57,57,51,0,43,45,8,3,9,2,2013,1
556,Femenino,2,9,1,19,5,425,80,80,60,59,56,56,64,0,49,65,9,4,9,3,2013,1
557,Femenino,2,11,1,19,5,436,64,64,69,60,59,59,65,0,61,53,11,5,9,2,2013,1
558,Femenino,2,20,1,49,15,425,72,72,65,55,60,60,57,0,56,65,15,3,9,3,2013,2
559,Femenino,0,7,0,0,0,423,77,77,64,60,52,52,60,0,52,61,8,3,9,2,2013,1
560,Femenino,2,9,1,19,5,424,74,74,65,57,57,57,62,0,53,89,9,4,9,3,2013,3
561,Masculino,2,10,1,19,5,424,85,85,57,57,53,53,59,0,53,72,10,3,9,3,2013,2
562,Femenino,1,10,1,19,5,437,75,75,61,61,54,54,66,0,59,88,10,3,9,3,2013,2
563,Femenino,2,7,1,19,5,428,77,77,57,61,61,61,59,0,45,45,7,5,9,2,2013,1
564,Femenino,2,20,1,199,15,433,70,70,64,65,57,57,63,0,55,57,20,6,9,2,2013,1
565,Femenino,1,11,1,19,5,444,77,77,55,61,59,59,71,0,56,55,11,5,9,3,2013,1
566,Femenino,1,7,1,19,5,425,73,73,65,57,53,53,62,0,50,51,7,5,9,2,2013,3
567,Femenino,2,20,1,64,15,411,85,85,60,52,53,53,51,0,49,60,20,6,9,2,2013,1
568,Femenino,2,12,1,19,5,432,85,85,57,64,46,46,71,0,53,53,10,3,9,3,2013,1
569,Masculino,2,1,1,19,5,427,77,77,57,60,64,64,54,0,55,43,1,5,9,3,2013,2
570,Femenino,1,20,1,118,10,440,63,63,60,50,77,77,59,0,60,50,20,6,9,3,2013,2
571,Masculino,2,11,1,19,5,430,70,70,65,57,57,57,71,0,50,80,11,5,9,4,2013,2
572,Femenino,1,20,1,180,15,429,80,80,57,56,55,55,60,0,58,59,20,6,9,2,2013,2
573,Femenino,1,20,1,49,15,425,76,76,60,59,54,54,62,0,47,50,9,4,9,2,2013,2
574,Masculino,2,7,1,19,5,423,77,77,60,59,59,59,64,0,50,68,7,5,9,2,2013,2
575,Femenino,1,20,1,28,15,426,75,75,60,44,63,63,58,0,60,50,20,6,9,2,2013,1
576,Masculino,2,9,1,19,5,447,70,70,59,56,55,55,63,0,70,63,8,3,9,3,2013,2
577,Femenino,1,20,2,169,22,439,64,64,62,70,64,64,57,0,63,68,20,6,9,1,2013,2
578,Masculino,1,8,1,19,5,418,80,80,60,57,56,56,61,0,51,46,8,3,9,2,2013,2
579,Femenino,1,16,1,19,5,422,76,76,59,59,58,58,63,0,44,53,7,5,9,2,2013,1
580,Femenino,1,20,1,96,8,425,59,59,70,59,58,58,58,0,49,47,20,6,9,2,2013,1
581,Femenino,1,10,1,19,5,429,67,67,64,58,61,61,60,0,58,45,11,5,9,3,2013,1
582,Femenino,1,20,1,86,7,412,81,81,62,54,53,53,57,0,53,57,20,6,9,2,2013,2
583,Femenino,1,10,1,19,5,400,69,69,75,52,50,50,55,0,44,56,10,3,9,3,2013,1
584,Femenino,2,10,1,19,5,419,85,85,53,59,59,59,62,0,45,75,10,3,9,3,2013,2
585,Femenino,1,10,1,19,5,416,74,74,62,55,59,59,59,0,45,60,8,3,9,3,2013,1
586,Femenino,1,11,1,19,5,398,61,61,57,50,55,55,65,0,60,72,11,5,7,2,2013,2
587,Masculino,2,20,1,106,15,363,63,63,52,53,50,50,48,0,37,52,8,3,7,2,2013,2
588,Masculino,1,20,2,23,31,360,49,49,59,46,63,63,51,0,40,55,20,6,7,1,2013,2
589,Masculino,0,19,0,0,0,379,55,55,45,49,60,60,50,0,58,77,19,5,7,1,2013,2
590,Masculino,1,20,1,90,16,390,67,67,52,51,61,61,52,0,53,60,20,6,4,1,2013,2
591,Masculino,1,13,1,19,5,397,64,64,51,54,52,52,57,0,56,55,13,1,4,4,2013,2
592,Femenino,1,19,1,19,5,378,49,49,51,55,59,59,51,0,54,50,19,5,6,1,2013,1
593,Femenino,2,10,1,19,5,352,43,43,51,46,55,55,47,0,54,60,10,3,6,2,2013,2
594,Femenino,0,8,0,0,0,352,58,58,51,52,47,47,46,0,47,46,8,3,2,3,2013,1
595,Femenino,1,11,1,19,5,416,74,74,54,60,57,57,68,0,47,61,11,5,5,2,2013,2
596,Masculino,2,10,1,19,5,408,70,70,42,62,59,59,61,0,56,83,10,3,5,3,2013,2
597,Femenino,1,20,1,125,30,352,55,55,44,52,54,54,55,0,46,53,8,3,5,3,2013,1
598,Masculino,1,20,1,71,15,352,46,46,48,52,50,50,54,0,50,53,20,6,5,3,2013,2
599,Femenino,1,11,1,19,5,426,74,74,57,54,58,58,69,0,56,77,11,5,9,2,2013,2
600,Femenino,0,4,0,0,0,482,91,91,57,67,96,96,54,0,59,77,4,4,9,2,2013,2
601,Masculino,1,20,1,219,10,467,90,90,73,65,60,60,66,0,56,70,8,3,9,3,2013,2
602,Femenino,2,7,1,19,5,444,86,86,69,52,58,58,58,0,59,53,7,5,9,1,2013,1
603,Femenino,0,9,0,0,0,456,73,73,63,62,78,78,52,0,59,59,9,4,9,3,2013,1
604,Femenino,0,10,0,0,0,425,84,84,74,58,54,54,52,0,53,51,10,3,9,3,2013,2
605,Femenino,0,20,0,0,0,439,78,78,70,67,57,57,57,0,59,70,20,6,9,1,2013,2
606,Masculino,0,20,0,0,0,440,73,73,70,65,60,60,57,0,56,63,20,6,9,2,2013,2
607,Femenino,1,20,1,42,7,468,76,76,55,59,69,69,63,0,69,53,10,3,9,2,2013,1
608,Femenino,1,16,1,19,5,433,67,67,78,55,57,57,54,0,62,43,16,2,9,3,2013,1
609,Masculino,0,10,0,0,0,445,69,69,70,67,60,60,62,0,59,56,10,3,9,2,2013,2
610,Femenino,0,20,0,0,0,439,84,84,66,56,47,47,62,0,65,75,20,6,9,3,2013,1
611,Femenino,0,11,0,0,0,462,69,69,63,65,67,67,68,0,69,59,11,5,9,3,2013,1
612,Femenino,2,11,1,19,5,459,77,77,57,60,64,64,69,0,61,94,11,5,9,3,2013,1
613,Masculino,0,10,0,0,0,451,66,66,69,61,69,69,58,0,77,60,10,3,9,3,2013,2
614,Femenino,0,10,0,0,0,439,69,69,63,65,78,78,52,0,56,61,10,3,9,2,2013,2
615,Femenino,0,20,0,0,0,427,61,61,80,65,54,54,56,0,50,61,10,3,9,2,2013,1
616,Masculino,0,10,0,0,0,428,61,61,80,62,57,57,62,0,50,50,10,3,9,2,2013,2
617,Femenino,2,7,1,19,5,421,76,76,68,59,63,63,59,0,44,52,20,6,9,3,2013,2
618,Femenino,2,10,3,19,5,447,81,81,53,67,64,64,67,0,47,75,10,3,9,3,2013,1
619,Femenino,0,18,0,0,0,448,65,65,66,67,63,63,57,0,69,68,18,3,9,3,2013,2
620,Femenino,0,16,0,0,0,416,69,69,74,62,57,57,54,0,50,57,16,2,9,3,2013,2
621,Femenino,2,12,1,19,5,434,76,76,60,54,68,68,57,0,59,75,4,4,9,2,2013,1
622,Femenino,2,20,1,180,15,449,76,76,59,52,68,68,63,0,84,60,20,6,9,2,2013,1
623,Femenino,1,13,1,19,5,454,68,68,57,75,60,60,63,0,56,61,11,5,9,2,2013,2
624,Femenino,0,20,0,0,0,436,65,65,66,60,70,70,65,0,56,75,8,3,9,3,2013,1
625,Femenino,0,10,0,0,0,429,78,78,60,60,60,60,56,0,59,83,10,3,9,3,2013,2
626,Femenino,0,12,0,0,0,390,84,84,74,58,43,43,59,0,38,31,20,6,9,2,2013,1
627,Masculino,1,11,1,19,5,438,67,67,60,66,65,65,57,0,52,70,11,5,9,3,2013,2
628,Femenino,0,9,0,0,0,409,73,73,70,58,54,54,51,0,50,63,9,4,9,2,2013,1
629,Masculino,0,6,0,0,0,438,65,65,60,56,78,78,52,0,69,52,16,2,9,3,2013,2
630,Femenino,1,4,1,19,5,421,69,69,63,46,69,69,63,0,48,47,4,4,9,3,2013,2
631,Femenino,2,18,1,19,5,429,64,64,64,62,64,64,62,0,55,70,20,6,9,2,2013,2
632,Femenino,0,20,0,0,0,411,84,84,55,65,60,60,51,0,50,45,10,3,9,3,2013,2
633,Femenino,1,8,1,19,5,442,67,67,59,62,57,57,56,0,70,56,8,3,9,2,2013,2
634,Masculino,1,11,1,19,5,445,68,68,56,67,58,58,55,0,69,49,11,5,9,2,2013,1
635,Femenino,1,10,1,19,5,420,72,72,62,57,60,60,59,0,53,63,10,3,9,1,2013,1
636,Femenino,1,20,1,226,15,439,64,64,55,62,70,70,61,0,48,70,20,6,9,2,2013,2
637,Femenino,1,16,1,19,5,429,80,80,52,56,65,65,58,0,63,59,16,2,9,3,2013,1
638,Femenino,1,10,1,19,5,435,74,74,53,59,64,64,64,0,56,75,9,4,9,2,2013,1
639,Femenino,2,10,1,19,5,415,77,77,60,59,52,52,59,0,47,43,10,3,9,2,2013,2
640,Masculino,0,13,0,0,0,425,73,73,52,58,74,74,54,0,53,56,11,5,9,2,2013,1
641,Femenino,1,20,1,58,15,413,67,67,64,58,59,59,50,0,50,57,20,6,9,2,2013,1
642,Femenino,2,13,1,19,5,427,77,77,52,62,61,61,56,0,58,61,13,1,9,4,2013,1
643,Femenino,0,10,0,0,0,412,73,73,63,65,50,50,62,0,43,50,19,5,9,3,2013,1
644,Masculino,0,14,0,0,0,421,65,65,63,65,60,60,56,0,56,54,4,4,9,2,2013,2
645,Femenino,0,9,0,0,0,421,73,73,57,50,63,63,59,0,56,56,8,3,9,2,2013,2
646,Femenino,0,12,0,0,0,409,78,78,60,50,57,57,54,0,59,54,10,3,9,3,2013,1
647,Femenino,1,20,1,51,6,455,60,60,59,59,68,68,89,0,69,43,8,3,9,2,2013,1
648,Femenino,2,4,1,19,5,427,64,64,59,58,69,69,58,0,59,68,4,4,9,2,2013,1
649,Femenino,1,20,1,221,6,400,77,77,60,61,59,59,57,0,40,43,20,6,9,1,2013,2
650,Femenino,2,4,1,19,5,386,64,64,75,50,58,58,45,0,44,50,4,4,9,2,2013,1
651,Masculino,2,18,1,19,5,417,77,77,53,54,61,61,62,0,45,72,18,3,9,2,2013,2
652,Femenino,0,8,0,0,0,422,69,69,60,65,57,57,56,0,62,58,8,3,9,3,2013,2
653,Femenino,2,8,1,19,5,414,77,77,55,57,53,53,53,0,51,56,8,3,9,3,2013,2
654,Masculino,2,16,1,19,5,423,68,68,55,58,68,68,62,0,50,63,16,2,9,3,2013,1
655,Femenino,1,20,1,1,6,417,70,70,53,61,70,70,57,0,43,63,6,5,9,2,2013,2
656,Femenino,2,11,1,19,5,420,68,68,57,58,58,58,54,0,50,75,11,5,9,3,2013,1
657,Femenino,2,7,1,19,5,428,68,68,55,59,58,58,57,0,56,43,8,3,9,3,2013,1
658,Femenino,0,20,0,0,0,401,73,73,57,62,63,63,54,0,33,35,17,2,9,2,2013,1
659,Femenino,1,18,1,19,5,418,76,76,55,55,53,53,55,0,60,58,19,5,9,2,2013,1
660,Femenino,2,8,1,19,5,399,77,77,60,57,53,53,50,0,50,42,8,3,9,3,2013,2
661,Femenino,1,20,1,98,15,412,80,80,51,57,61,61,59,0,50,60,11,5,9,3,2013,2
662,Masculino,1,21,1,64,15,405,74,74,62,54,50,50,58,0,51,57,21,7,9,2,2013,2
663,Femenino,1,20,1,67,15,427,61,61,64,60,53,53,66,0,61,51,18,3,9,2,2013,2
664,Femenino,1,10,1,19,5,412,74,74,57,56,55,55,68,0,42,56,10,3,9,3,2013,2
665,Masculino,1,18,1,19,5,407,67,67,60,54,64,64,54,0,47,68,19,5,9,2,2013,2
666,Femenino,1,16,1,19,5,406,67,67,62,55,59,59,57,0,45,75,8,3,9,3,2013,1
667,Femenino,0,20,0,0,0,428,65,65,55,60,63,63,57,0,59,50,20,6,9,2,2013,2
668,Femenino,1,16,1,19,5,403,63,63,60,44,77,77,58,0,37,55,16,2,9,3,2013,1
669,Masculino,2,11,1,19,5,418,61,61,60,59,70,70,62,0,50,60,18,3,9,2,2013,1
670,Femenino,2,10,1,19,5,404,77,77,57,57,50,50,54,0,47,63,10,3,9,3,2013,2
671,Masculino,1,20,1,221,6,407,85,85,48,57,57,57,62,0,42,83,18,3,9,3,2013,2
672,Femenino,0,13,0,0,0,411,51,51,70,65,63,63,54,0,50,80,9,4,9,3,2013,2
673,Masculino,0,20,0,0,0,401,60,60,69,60,59,59,51,0,53,56,20,6,9,3,2013,2
674,Masculino,0,20,0,0,0,411,58,58,66,60,63,63,57,0,53,53,19,5,9,2,2013,2
675,Masculino,1,18,1,19,5,402,74,74,59,49,57,57,54,0,53,80,19,5,9,2,2013,2
676,Femenino,1,20,1,226,15,422,67,67,57,57,59,59,61,0,61,59,10,3,9,2,2013,1
677,Masculino,1,20,1,135,15,416,70,70,55,61,61,61,64,0,49,68,7,5,9,2,2013,2
678,Masculino,2,20,1,119,15,414,70,70,55,59,61,61,59,0,51,47,8,3,9,3,2013,2
679,Femenino,0,20,0,0,0,415,65,65,60,50,57,57,52,0,62,53,10,3,9,3,2013,1
680,Femenino,1,19,1,19,5,406,75,75,56,47,54,54,55,0,53,39,19,5,9,1,2013,2
681,Femenino,2,10,1,19,5,419,58,58,61,60,59,59,65,0,45,59,10,3,9,3,2013,2
682,Femenino,1,10,1,19,5,418,52,52,67,51,59,59,64,0,50,65,10,3,9,2,2013,2
683,Femenino,2,20,3,16,4,394,69,69,63,55,57,57,51,0,48,53,20,6,9,2,2013,1
684,Femenino,2,9,1,19,5,399,70,70,62,52,53,53,53,0,51,75,10,3,9,2,2013,1
685,Femenino,1,10,1,19,5,406,64,64,59,53,67,67,52,0,52,75,8,3,9,3,2013,2
686,Femenino,1,6,1,19,5,416,68,68,56,53,58,58,55,0,60,49,19,5,9,2,2013,1
687,Masculino,2,8,1,19,5,423,61,61,57,61,64,64,64,0,57,56,8,3,9,2,2013,1
688,Femenino,0,8,0,0,0,401,58,58,66,65,57,57,47,0,50,65,8,3,9,3,2013,2
689,Femenino,1,20,1,126,15,399,77,77,54,58,52,52,58,0,40,59,20,6,9,2,2013,2
690,Masculino,1,18,1,19,5,407,70,70,55,52,62,62,50,0,56,77,8,3,9,2,2013,1
691,Masculino,1,6,1,19,5,421,58,58,59,60,67,67,60,0,61,55,8,3,9,2,2013,2
692,Femenino,2,20,1,64,15,392,58,58,66,56,64,64,39,0,50,70,20,6,9,1,2013,1
693,Femenino,1,20,1,119,15,416,59,59,62,55,59,59,57,0,62,60,21,7,9,3,2013,1
694,Femenino,1,6,1,19,5,397,75,75,55,52,60,60,57,0,45,64,19,5,9,2,2013,1
695,Masculino,1,16,1,19,5,404,74,74,57,53,55,55,54,0,63,48,16,2,9,3,2013,2
696,Femenino,0,7,0,0,0,406,61,61,63,56,57,57,62,0,46,51,8,3,9,3,2013,2
697,Femenino,2,20,1,180,15,420,55,55,56,50,77,77,51,0,60,49,20,6,9,1,2013,2
698,Femenino,0,9,0,0,0,408,64,64,62,59,52,52,54,0,59,61,9,4,9,2,2013,1
699,Masculino,1,20,1,163,28,390,77,77,57,50,53,53,46,0,53,43,20,6,9,3,2013,2
700,Masculino,2,10,1,19,5,415,74,74,48,66,59,59,59,0,51,70,10,3,9,3,2013,2
701,Masculino,1,13,1,19,5,397,62,62,64,58,56,56,50,0,50,63,9,4,9,3,2013,2
702,Masculino,1,20,1,121,18,402,70,70,57,49,58,58,54,0,58,70,13,1,9,3,2013,1
703,Masculino,0,20,0,0,0,396,58,58,66,54,57,57,57,0,53,52,20,6,9,3,2013,2
704,Masculino,1,5,1,19,5,386,73,73,55,60,55,55,50,0,45,72,5,6,9,2,2013,3
705,Masculino,0,18,0,0,0,434,69,69,63,56,78,78,51,0,56,58,19,5,6,1,2013,2
706,Masculino,1,18,1,19,5,428,72,72,59,62,60,60,65,0,55,60,18,3,6,3,2013,2
707,Femenino,1,19,1,19,5,390,73,73,50,47,59,59,58,0,40,47,19,5,6,1,2013,1
708,Masculino,2,7,1,19,5,409,85,85,53,54,57,57,55,0,46,70,19,5,2,3,2013,2
709,Masculino,1,20,1,162,24,370,56,56,63,47,46,46,49,0,51,53,13,1,5,2,2013,1
710,Masculino,1,20,2,83,22,367,55,55,57,55,48,48,52,0,50,51,20,6,5,1,2013,1
711,Masculino,1,5,1,19,5,397,69,69,59,44,58,58,55,0,49,47,5,6,9,2,2013,1
712,Femenino,2,20,1,119,15,414,62,62,55,60,60,60,62,0,58,89,20,6,9,1,2013,2
713,Femenino,2,8,1,19,5,404,64,64,62,49,57,57,69,0,51,63,8,3,9,3,2013,2
714,Masculino,2,11,1,19,5,409,58,58,61,49,62,62,61,0,53,72,9,4,9,4,2013,1
715,Masculino,2,11,1,19,5,409,63,63,56,50,69,69,68,0,53,43,11,5,9,2,2013,2
716,Masculino,2,7,1,19,5,429,55,55,61,58,62,62,73,0,64,55,7,5,9,2,2013,2
717,Masculino,1,18,1,19,5,405,64,64,55,64,57,57,57,0,47,72,4,4,9,2,2013,2
718,Femenino,1,9,1,19,5,394,63,63,60,56,58,58,55,0,49,52,9,4,9,2,2013,2
719,Femenino,1,8,1,19,5,417,70,70,50,62,57,57,65,0,50,68,8,3,9,2,2013,2
720,Femenino,1,12,1,19,5,389,67,67,57,55,57,57,55,0,37,45,11,5,9,2,2013,2
721,Femenino,1,20,1,193,15,417,69,69,51,55,58,58,63,0,49,49,20,6,9,2,2013,2
722,Femenino,1,10,1,19,5,391,80,80,55,55,53,53,57,0,46,37,10,3,9,3,2013,1
723,Femenino,1,20,1,107,19,417,61,61,57,61,59,59,64,0,63,57,11,5,9,2,2013,2
724,Masculino,2,11,1,19,5,422,64,64,51,70,55,55,59,0,57,55,11,5,9,3,2013,1
725,Femenino,2,20,1,50,23,394,70,70,57,56,55,55,60,0,40,46,20,6,9,2,2013,1
726,Femenino,2,18,1,19,5,415,64,64,51,67,57,57,59,0,51,61,18,3,9,2,2013,2
727,Femenino,0,7,0,0,0,406,58,58,63,62,57,57,54,0,53,57,7,5,9,2,2013,2
728,Masculino,0,20,0,0,0,395,69,69,60,60,57,57,57,0,48,45,7,5,9,2,2013,2
729,Femenino,2,16,1,19,5,412,64,64,55,57,55,55,66,0,50,83,16,2,9,3,2013,2
730,Femenino,0,7,0,0,0,410,69,69,55,56,60,60,57,0,59,65,19,5,9,2,2013,2
731,Masculino,0,10,0,0,0,403,73,73,52,54,57,57,57,0,56,56,10,3,9,2,2013,2
732,Femenino,2,8,1,19,5,426,74,74,56,65,60,60,57,0,46,54,8,3,9,3,2014,2
733,Femenino,1,20,1,226,15,493,78,78,87,88,60,60,64,0,59,63,20,6,9,3,2014,1
734,Femenino,1,20,1,34,15,484,78,78,87,65,60,60,62,0,66,54,20,6,9,2,2014,1
735,Femenino,1,9,1,19,5,483,71,71,86,70,67,67,60,0,66,71,10,3,9,2,2014,1
736,Femenino,2,10,1,19,5,489,83,83,70,69,76,76,64,0,61,77,10,3,9,3,2014,2
737,Femenino,0,20,0,0,0,470,97,97,67,64,58,58,65,0,54,56,20,6,9,2,2014,1
738,Femenino,1,10,1,19,5,443,65,65,99,56,62,62,57,0,48,43,11,5,9,2,2014,2
739,Femenino,2,8,1,19,5,466,83,83,73,62,67,67,68,0,48,94,19,5,9,2,2014,1
740,Femenino,1,5,1,19,5,479,68,68,80,88,62,62,64,0,56,51,5,6,9,2,2014,2
741,Masculino,0,7,0,0,0,510,78,78,63,83,60,60,62,0,80,77,4,4,9,2,2014,1
742,Femenino,1,10,1,19,5,446,71,71,87,65,60,60,61,0,39,80,11,5,9,2,2014,1
743,Femenino,2,11,1,19,5,466,90,90,65,76,57,57,64,0,43,61,11,5,9,2,2014,3
744,Femenino,1,7,1,19,5,453,78,78,80,62,62,62,57,0,53,43,7,5,9,2,2014,2
745,Femenino,2,11,1,19,5,451,82,82,74,62,65,65,57,0,48,74,11,5,9,3,2014,2
746,Femenino,2,20,1,38,30,463,89,89,62,76,60,60,55,0,55,63,20,6,9,2,2014,3
747,Femenino,1,16,1,19,5,437,68,68,87,61,58,58,59,0,39,45,16,2,9,2,2014,2
748,Masculino,2,20,1,95,15,458,60,60,87,56,62,62,59,0,65,89,20,6,9,2,2014,2
749,Femenino,1,20,1,153,7,447,78,78,75,60,68,68,63,0,52,65,20,6,9,2,2014,2
750,Masculino,1,20,1,55,7,476,83,83,59,77,67,67,55,0,70,74,20,6,9,1,2014,2
751,Femenino,2,11,1,19,5,455,78,78,70,65,65,65,49,0,65,68,11,5,9,3,2014,2
752,Masculino,2,10,1,19,5,464,80,80,65,73,65,65,62,0,59,75,10,3,9,3,2014,3
753,Femenino,1,20,2,169,22,456,79,79,70,69,56,56,71,0,50,47,20,6,9,2,2014,2
754,Femenino,1,16,1,19,5,452,90,90,62,61,58,58,61,0,55,74,16,2,9,3,2014,2
755,Femenino,2,8,1,19,5,447,78,78,74,65,54,54,67,0,48,68,13,1,9,4,2014,2
756,Femenino,2,16,1,19,5,458,65,65,74,76,62,62,57,0,61,80,7,5,9,2,2014,2
757,Masculino,0,11,0,0,0,455,61,61,74,71,70,70,54,0,59,54,11,5,9,2,2014,3
758,Femenino,0,9,0,0,0,444,86,86,65,68,55,55,63,0,53,70,9,4,9,2,2014,3
759,Femenino,1,10,1,19,5,445,78,78,70,69,56,56,59,0,56,71,10,3,9,2,2014,2
760,Femenino,2,10,1,19,5,437,74,74,74,62,60,60,49,0,59,77,8,3,9,3,2014,2
761,Femenino,1,8,1,19,5,443,88,88,56,69,68,68,49,0,52,39,8,3,9,2,2014,1
762,Femenino,2,10,1,19,5,441,65,65,80,59,58,58,59,0,56,83,10,3,9,3,2014,2
763,Masculino,2,11,1,19,5,459,74,74,65,66,65,65,60,0,66,63,11,5,9,3,2014,2
764,Femenino,2,1,1,19,5,448,71,71,69,89,56,56,62,0,42,83,10,3,9,3,2014,2
765,Femenino,2,10,1,19,5,453,74,74,66,65,68,68,64,0,59,58,10,3,9,2,2014,2
766,Femenino,1,5,1,19,5,428,68,68,80,65,60,60,45,0,58,43,19,5,9,1,2014,2
767,Masculino,1,8,1,19,5,461,68,68,69,70,62,62,65,0,62,68,8,3,9,3,2014,2
768,Femenino,1,15,1,19,5,426,71,71,80,56,58,58,61,0,47,74,19,5,9,2,2014,2
769,Masculino,2,17,1,19,5,453,74,74,66,59,60,60,59,0,59,63,11,5,9,4,2014,1
770,Femenino,1,20,1,226,15,438,65,65,74,59,71,71,51,0,53,57,20,6,9,3,2014,2
771,Femenino,1,4,1,19,5,448,74,74,66,65,71,71,64,0,55,57,4,4,9,2,2014,1
772,Femenino,1,20,1,226,15,447,68,68,70,69,67,67,57,0,55,59,20,6,9,2,2014,1
773,Femenino,2,11,1,19,5,458,71,71,65,59,67,67,68,0,56,60,10,3,9,3,2014,1
774,Femenino,2,20,1,49,15,454,79,79,62,65,62,62,64,0,59,83,10,3,9,2,2014,2
775,Femenino,1,8,1,19,5,451,60,60,74,77,65,65,55,0,56,54,8,3,9,2,2014,2
776,Femenino,1,14,1,19,5,419,89,89,70,48,52,52,55,0,50,77,16,2,9,3,2014,2
777,Femenino,1,8,1,19,5,440,70,70,75,71,56,56,58,0,57,56,8,3,9,2,2014,2
778,Femenino,1,1,1,19,5,456,78,78,62,62,62,62,67,0,59,59,1,5,9,4,2014,2
779,Femenino,2,1,1,19,5,457,75,75,62,77,60,60,62,0,56,57,1,5,9,3,2014,2
780,Masculino,1,4,1,19,5,435,62,62,80,69,60,60,55,0,52,59,4,4,9,2,2014,2
781,Masculino,2,19,1,19,5,448,83,83,59,62,62,62,55,0,59,50,19,5,9,1,2014,2
782,Masculino,2,18,1,19,5,435,75,75,70,56,62,62,58,0,53,56,8,3,9,2,2014,2
783,Femenino,2,20,1,180,15,440,79,79,66,59,64,64,67,0,52,54,7,5,9,3,2014,2
784,Femenino,1,20,1,42,7,431,74,74,69,77,60,60,55,0,40,48,20,6,9,1,2014,2
785,Masculino,1,10,1,19,5,437,78,78,66,69,62,62,55,0,55,68,10,3,9,2,2014,2
786,Femenino,1,19,1,19,5,459,65,65,70,77,60,60,62,0,70,74,19,5,9,2,2014,2
787,Femenino,2,17,1,19,5,434,71,71,74,53,60,60,58,0,59,71,20,6,9,2,2014,1
788,Femenino,1,20,1,95,15,445,68,68,70,76,58,58,57,0,55,83,18,3,9,3,2014,1
789,Femenino,2,16,1,19,5,437,78,78,66,59,60,60,61,0,52,51,8,3,9,2,2014,2
790,Femenino,2,2,1,19,5,420,71,71,80,56,50,50,53,0,53,53,13,1,9,2,2014,1
791,Femenino,1,20,1,111,30,453,60,60,74,69,54,54,64,0,59,66,20,6,9,1,2014,2
792,Masculino,2,7,1,19,5,450,65,65,66,69,67,67,62,0,53,89,8,3,9,3,2014,2
793,Masculino,2,15,1,19,5,425,83,83,62,65,65,65,57,0,46,60,15,3,9,3,2014,2
794,Femenino,2,11,1,19,5,431,54,54,80,65,71,71,55,0,51,89,11,5,9,3,2014,1
795,Femenino,2,14,1,19,5,439,68,68,70,62,64,64,62,0,56,77,14,2,9,3,2014,2
796,Femenino,2,20,3,65,9,441,81,81,61,58,59,59,63,0,58,75,11,5,9,3,2014,2
797,Femenino,1,4,1,19,5,463,65,65,59,69,71,71,57,0,65,100,10,3,9,3,2014,1
798,Femenino,1,9,1,19,5,434,71,71,66,62,65,65,59,0,46,56,9,4,9,3,2014,1
799,Femenino,0,16,0,0,0,450,86,86,53,68,57,57,58,0,64,35,16,2,9,3,2014,2
800,Femenino,2,20,1,180,15,442,78,78,62,69,56,56,62,0,56,57,20,6,9,3,2014,2
801,Femenino,2,13,1,19,5,440,74,74,62,77,60,60,53,0,53,66,8,3,9,3,2014,2
802,Femenino,0,10,0,0,0,409,83,83,68,51,59,59,51,0,44,32,11,5,9,2,2014,1
803,Femenino,0,1,0,0,0,423,86,86,62,53,57,57,65,0,42,52,1,5,9,3,2014,2
804,Masculino,2,9,1,19,5,419,71,71,70,62,67,67,49,0,48,71,9,4,9,3,2014,2
805,Femenino,1,20,1,119,15,423,68,68,74,65,60,60,53,0,52,46,20,6,9,2,2014,2
806,Masculino,1,16,1,19,5,437,74,74,62,65,67,67,64,0,46,60,16,2,9,3,2014,2
807,Masculino,2,1,1,19,5,443,70,70,64,58,64,64,58,0,58,83,1,5,9,2,2014,2
808,Femenino,1,8,1,19,5,438,71,71,66,61,62,62,57,0,58,54,8,3,9,2,2014,1
809,Femenino,2,20,1,180,15,425,65,65,80,56,50,50,59,0,58,54,20,6,9,2,2014,2
810,Masculino,2,4,1,19,5,439,71,71,66,59,60,60,59,0,58,68,4,4,9,2,2014,2
811,Femenino,1,20,1,226,15,408,68,68,80,59,56,56,55,0,44,57,20,6,9,2,2014,1
812,Masculino,2,4,1,19,5,440,71,71,62,69,60,60,55,0,50,56,15,3,9,3,2014,2
813,Masculino,1,4,1,19,5,444,65,65,66,62,64,64,53,0,62,59,4,4,9,2,2014,2
814,Femenino,2,20,1,183,7,405,69,69,75,55,57,57,38,0,40,60,20,6,9,3,2014,1
815,Masculino,1,16,1,19,5,425,68,68,74,59,56,56,61,0,50,54,7,5,9,2,2014,2
816,Masculino,1,7,1,19,5,449,65,65,66,65,65,65,71,0,56,57,7,5,9,2,2014,2
817,Masculino,2,14,1,19,5,451,83,83,50,69,64,64,64,0,56,63,10,3,9,3,2014,2
818,Masculino,2,8,1,19,5,459,68,68,62,69,56,56,71,0,61,66,8,3,9,3,2014,2
819,Femenino,1,10,1,19,5,429,71,71,66,61,65,65,55,0,52,56,9,4,9,3,2014,2
820,Femenino,1,7,1,19,5,417,68,68,74,65,56,56,51,0,48,59,7,5,9,2,2014,2
821,Masculino,2,19,1,19,5,454,76,76,47,52,91,91,55,0,69,68,6,5,9,2,2014,1
822,Femenino,2,8,1,19,5,416,83,83,62,65,58,58,55,0,41,58,8,3,9,3,2014,1
823,Femenino,1,20,1,224,10,438,62,62,69,57,67,67,62,0,53,83,20,6,9,3,2014,3
824,Femenino,2,11,1,19,5,414,62,62,80,54,58,58,57,0,46,47,11,5,9,2,2014,2
825,Femenino,2,11,1,19,5,436,75,75,62,54,64,64,59,0,61,74,11,5,9,3,2014,2
826,Femenino,1,8,1,19,5,433,61,61,75,63,56,56,60,0,57,63,18,3,9,2,2014,2
827,Masculino,1,20,1,131,18,439,68,68,65,62,62,62,65,0,51,54,20,6,9,2,2014,2
828,Femenino,2,20,1,180,15,435,85,85,60,50,54,54,77,0,54,60,20,6,9,1,2014,1
829,Femenino,1,10,1,19,5,426,75,75,62,69,62,62,55,0,44,58,21,7,9,3,2014,1
830,Masculino,2,11,1,19,5,460,68,68,59,76,62,62,67,0,69,59,11,5,9,2,2014,2
831,Femenino,2,11,1,19,5,447,75,75,56,70,62,62,60,0,59,74,11,5,9,2,2014,2
832,Femenino,2,17,1,19,5,451,75,75,53,77,62,62,57,0,59,77,10,3,9,2,2014,1
833,Femenino,1,20,1,199,15,410,65,65,73,59,67,67,53,0,40,47,20,6,9,2,2014,2
834,Femenino,2,16,1,19,5,424,78,78,59,66,65,65,53,0,49,59,16,2,9,3,2014,2
835,Masculino,2,15,1,19,5,422,71,71,66,54,62,62,55,0,48,89,15,3,9,3,2014,2
836,Femenino,1,20,1,101,15,429,59,59,74,57,60,60,55,0,56,47,20,6,9,2,2014,2
837,Femenino,1,20,1,98,15,430,71,71,62,65,65,65,57,0,51,48,20,6,9,3,2014,2
838,Masculino,1,8,1,19,5,448,74,74,56,65,62,62,57,0,69,80,8,3,9,2,2014,2
839,Femenino,1,20,1,64,15,439,65,65,65,53,71,71,60,0,66,58,20,6,9,2,2014,1
840,Femenino,2,17,1,19,5,439,65,65,66,61,62,62,64,0,58,100,16,2,9,3,2014,1
841,Masculino,1,20,1,55,7,425,78,78,59,52,65,65,57,0,51,56,20,6,9,2,2014,2
842,Femenino,2,17,1,19,5,463,74,74,50,88,60,60,71,0,61,63,16,2,9,3,2014,2
843,Femenino,2,1,1,19,5,415,68,68,70,56,62,62,53,0,47,51,10,3,9,3,2014,1
844,Femenino,1,12,1,19,5,437,74,74,62,64,55,55,71,0,53,59,12,3,9,3,2014,2
845,Femenino,2,10,1,19,5,446,71,71,55,70,64,64,55,0,59,74,11,5,9,3,2014,1
846,Masculino,2,11,2,19,5,392,67,67,55,53,63,63,56,0,42,94,10,3,7,3,2014,2
847,Femenino,2,20,1,206,22,383,61,61,55,57,57,57,55,0,40,55,20,6,7,1,2014,2
848,Femenino,2,8,1,19,5,362,46,46,62,55,58,58,58,0,33,83,8,3,7,2,2014,1
849,Masculino,1,9,1,19,5,380,58,58,40,54,58,58,59,0,52,66,9,4,7,3,2014,2
850,Femenino,1,20,1,203,15,409,57,57,62,48,60,60,64,0,50,43,20,6,4,2,2014,1
851,Femenino,1,1,1,19,5,436,68,68,74,59,60,60,51,0,61,52,1,5,6,1,2014,1
852,Femenino,1,10,1,19,5,418,65,65,62,61,54,54,45,0,65,68,10,3,6,2,2014,2
853,Femenino,1,9,1,19,5,396,57,57,59,62,58,58,55,0,48,58,9,4,6,2,2014,2
854,Masculino,1,19,1,19,5,387,67,67,50,55,61,61,52,0,52,52,19,5,6,2,2014,2
855,Masculino,1,20,1,213,12,363,55,55,53,59,54,54,48,0,53,50,20,6,5,2,2014,2
856,Femenino,0,5,0,0,0,474,81,81,77,78,63,63,63,0,53,45,5,6,9,2,2014,2
857,Femenino,0,11,0,0,0,453,77,77,83,71,61,61,58,0,44,61,10,3,9,2,2014,3
858,Femenino,1,20,1,189,15,456,78,78,74,88,62,62,62,0,26,51,20,6,9,2,2014,3
859,Femenino,1,21,1,139,18,479,83,83,69,77,56,56,68,0,63,59,21,7,9,1,2014,3
860,Femenino,1,10,1,19,5,458,74,74,79,70,52,52,60,0,54,54,10,3,9,3,2014,1
861,Femenino,0,20,0,0,0,441,68,68,83,71,57,57,58,0,50,49,20,6,9,2,2014,1
862,Femenino,1,20,1,48,28,452,82,82,66,65,60,60,62,0,48,53,20,6,9,1,2014,3
863,Femenino,2,19,1,19,5,468,64,64,73,62,64,64,63,0,58,70,19,5,9,1,2014,1
864,Femenino,0,16,0,0,0,448,65,65,77,64,71,71,52,0,55,54,8,3,9,3,2014,2
865,Femenino,1,20,1,185,15,452,84,84,62,73,65,65,64,0,47,68,20,6,9,2,2014,2
866,Femenino,1,10,1,19,5,436,74,74,74,57,65,65,51,0,56,58,7,5,9,2,2014,1
867,Femenino,0,10,0,0,0,429,81,81,68,67,63,63,50,0,44,53,11,5,9,2,2014,2
868,Masculino,1,10,1,19,5,436,68,68,74,59,65,65,51,0,51,43,10,3,9,3,2014,2
869,Femenino,0,11,0,0,0,436,71,71,72,67,57,57,52,0,58,80,11,5,9,2,2014,2
870,Femenino,1,10,1,19,5,436,83,83,62,69,58,58,59,0,48,57,9,4,9,3,2014,1
871,Masculino,2,20,1,207,7,443,83,83,59,69,58,58,59,0,52,94,20,6,9,3,2014,2
872,Femenino,2,2,1,19,5,430,75,75,70,59,62,62,57,0,52,66,14,2,9,3,2014,1
873,Masculino,0,7,0,0,0,463,65,65,59,55,71,71,47,0,65,75,7,5,9,2,2014,2
874,Femenino,0,17,0,0,0,440,64,64,75,59,62,62,59,0,60,53,18,3,9,3,2014,2
875,Femenino,0,11,0,0,0,432,81,81,68,53,55,55,58,0,61,47,11,5,9,2,2014,3
876,Femenino,0,20,0,0,0,420,74,74,72,59,59,59,47,0,53,73,20,6,9,3,2014,3
877,Femenino,0,20,0,0,0,436,68,68,72,64,61,61,60,0,61,69,11,5,9,2,2014,2
878,Masculino,1,16,1,19,5,437,71,71,65,66,64,64,55,0,53,50,8,3,9,2,2014,2
879,Masculino,0,14,0,0,0,443,63,63,68,59,68,68,58,0,55,53,18,3,9,2,2014,3
880,Femenino,2,8,1,19,5,438,75,75,62,69,62,62,53,0,58,60,8,3,9,3,2014,2
881,Masculino,1,8,1,19,5,437,86,86,55,59,62,62,63,0,53,43,19,5,9,2,2014,1
882,Femenino,0,3,0,0,0,403,74,74,77,51,51,51,47,0,44,51,3,1,9,2,2014,1
883,Femenino,2,7,1,19,5,438,74,74,59,69,67,67,55,0,51,58,20,6,9,2,2014,2
884,Femenino,1,14,1,19,5,442,71,71,62,69,60,60,45,0,66,57,9,4,9,3,2014,3
885,Femenino,2,20,1,95,15,431,71,71,66,65,62,62,67,0,43,48,20,6,9,3,2014,2
886,Masculino,0,20,0,0,0,427,68,68,68,64,59,59,50,0,50,63,20,6,9,2,2014,2
887,Masculino,1,19,1,19,5,440,74,74,62,62,60,60,72,0,51,53,19,5,9,1,2014,2
888,Femenino,1,8,1,19,5,388,89,89,70,59,48,48,47,0,37,47,15,3,9,3,2014,2
889,Masculino,1,16,1,19,5,428,65,65,74,59,56,56,59,0,58,39,16,2,9,3,2014,2
890,Femenino,1,20,1,139,18,442,54,54,74,61,67,67,67,0,58,59,20,6,9,2,2014,1
891,Femenino,1,20,1,139,18,435,57,57,74,59,62,62,57,0,58,48,20,6,9,2,2014,1
892,Femenino,1,10,1,19,5,450,74,74,53,65,65,65,59,0,61,66,10,3,9,2,2014,2
893,Femenino,1,11,1,19,5,432,60,60,70,54,67,67,55,0,58,54,8,3,9,2,2014,2
894,Femenino,0,20,0,0,0,425,68,68,68,67,51,51,50,0,53,52,8,3,9,2,2014,2
895,Masculino,0,15,0,0,0,426,61,61,72,78,57,57,60,0,48,61,15,3,9,3,2014,2
896,Femenino,1,20,1,106,15,440,75,75,62,62,52,52,67,0,65,47,20,6,9,2,2014,3
897,Femenino,2,16,1,19,5,436,68,68,62,69,58,58,55,0,56,46,18,3,9,3,2014,2
898,Femenino,2,7,1,19,5,432,60,60,69,77,58,58,53,0,54,74,7,5,9,1,2014,2
899,Masculino,2,4,1,19,5,427,76,76,59,55,68,68,55,0,60,50,4,4,9,2,2014,2
900,Femenino,1,4,1,19,5,434,58,58,70,77,60,60,59,0,53,54,4,4,9,2,2014,1
901,Femenino,2,11,1,19,5,414,71,71,70,62,52,52,53,0,51,47,11,5,9,3,2014,1
902,Femenino,2,1,1,19,5,426,68,68,66,65,56,56,62,0,46,60,1,5,9,3,2014,2
903,Femenino,2,7,1,19,5,447,68,68,56,77,64,64,57,0,62,74,7,5,9,1,2014,2
904,Femenino,2,7,1,19,5,433,71,71,62,66,54,54,58,0,56,59,7,5,9,2,2014,3
905,Femenino,1,20,1,42,7,418,71,71,65,55,62,62,55,0,49,71,20,6,9,2,2014,2
906,Femenino,1,20,1,221,6,423,62,62,70,56,64,64,67,0,43,51,19,5,9,1,2014,2
907,Femenino,1,8,1,19,5,412,59,59,74,56,67,67,49,0,50,39,8,3,9,3,2014,2
908,Masculino,1,20,1,55,7,407,75,75,66,54,60,60,49,0,50,48,20,6,9,3,2014,2
909,Femenino,2,4,1,19,5,433,71,71,59,76,62,62,61,0,52,57,4,4,9,2,2014,1
910,Femenino,2,7,1,19,5,441,65,65,62,70,60,60,60,0,63,47,7,5,9,2,2014,1
911,Masculino,2,8,1,19,5,432,65,65,66,59,62,62,59,0,65,74,8,3,9,3,2014,2
912,Femenino,2,19,1,19,5,423,75,75,56,59,71,71,55,0,50,66,19,5,9,3,2014,1
913,Masculino,2,8,1,19,5,426,65,65,65,70,60,60,53,0,54,51,8,3,9,3,2014,2
914,Femenino,2,8,1,19,5,415,65,65,74,69,48,48,55,0,55,66,8,3,9,3,2014,2
915,Femenino,2,10,1,19,5,424,74,74,62,59,52,52,58,0,54,57,10,3,9,3,2014,1
916,Masculino,0,20,0,0,0,422,60,60,71,50,63,63,55,0,58,52,20,6,9,1,2014,2
917,Masculino,0,11,0,0,0,432,80,80,50,73,61,61,58,0,50,51,11,5,9,2,2014,2
918,Femenino,1,19,1,19,5,440,58,58,66,65,58,58,64,0,56,51,20,6,9,2,2014,1
919,Masculino,2,4,1,19,5,423,65,65,66,61,62,62,55,0,58,68,4,4,9,2,2014,3
920,Femenino,2,4,1,19,5,433,63,63,66,56,58,58,59,0,65,45,15,3,9,3,2014,2
921,Masculino,1,20,1,219,10,423,71,71,62,59,58,58,53,0,59,43,20,6,9,2,2014,2
922,Femenino,2,20,1,180,15,421,65,65,65,62,62,62,55,0,51,43,21,7,9,3,2014,1
923,Femenino,1,18,1,19,5,426,65,65,62,88,54,54,55,0,43,63,18,3,9,3,2014,2
924,Femenino,1,10,1,19,5,412,65,65,70,56,56,56,53,0,55,59,10,3,9,3,2014,1
925,Masculino,2,11,1,19,5,423,68,68,62,77,54,54,59,0,46,48,11,5,9,2,2014,2
926,Masculino,1,9,1,19,5,409,62,62,73,66,52,52,53,0,51,54,9,4,9,3,2014,1
927,Femenino,2,1,1,19,5,419,65,65,66,59,58,58,59,0,53,74,1,5,9,3,2014,1
928,Femenino,2,11,1,19,5,423,68,68,62,65,56,56,61,0,50,71,11,5,9,3,2014,2
929,Femenino,2,11,1,19,5,406,62,62,73,57,56,56,53,0,51,63,11,5,9,3,2014,2
930,Masculino,1,10,1,19,5,443,65,65,59,55,60,60,58,0,77,58,11,5,9,3,2014,1
931,Masculino,1,6,1,19,5,422,65,65,66,52,58,58,55,0,65,53,18,3,9,2,2014,2
932,Femenino,2,20,1,71,15,384,74,74,74,46,47,47,53,0,39,74,21,7,9,3,2014,2
933,Femenino,2,11,1,19,5,419,80,80,53,57,60,60,59,0,50,75,11,5,9,2,2014,1
934,Masculino,1,8,1,19,5,416,62,62,65,62,62,62,46,0,54,71,8,3,9,2,2014,2
935,Masculino,2,2,1,19,5,426,68,68,59,65,60,60,55,0,58,71,11,5,9,3,2014,2
936,Masculino,2,4,1,19,5,424,78,78,53,65,56,56,59,0,52,60,18,3,9,2,2014,2
937,Masculino,2,5,1,19,5,419,65,65,66,59,56,56,55,0,59,46,5,6,9,2,2014,2
938,Femenino,2,6,1,19,5,423,71,71,59,57,60,60,55,0,62,57,20,6,9,3,2014,2
939,Masculino,1,18,1,19,5,425,57,57,65,70,65,65,55,0,54,74,18,3,9,2,2014,2
940,Femenino,1,5,1,19,5,422,68,68,59,65,65,65,57,0,56,48,5,6,9,1,2014,2
941,Femenino,1,18,1,19,5,419,71,71,59,66,58,58,62,0,48,53,18,3,9,2,2014,2
942,Femenino,0,11,0,0,0,423,73,73,52,60,70,70,59,0,50,59,10,3,9,3,2014,1
943,Masculino,2,20,1,95,15,434,68,68,53,65,67,67,57,0,61,89,8,3,9,2,2014,1
944,Masculino,2,10,1,19,5,414,74,74,59,56,60,60,62,0,51,60,10,3,9,3,2014,2
945,Masculino,1,1,1,19,5,421,65,65,62,55,65,65,58,0,59,53,1,5,9,3,2014,1
946,Femenino,0,15,0,0,0,403,75,75,60,57,59,59,51,0,48,61,14,2,9,3,2014,2
947,Masculino,0,20,0,0,0,411,63,63,68,55,57,57,56,0,53,61,20,6,9,2,2014,2
948,Femenino,0,20,0,0,0,412,65,65,62,61,63,63,54,0,46,45,9,4,9,2,2014,1
949,Femenino,2,19,1,19,5,415,68,68,60,56,63,63,59,0,49,53,19,5,9,2,2014,1
950,Masculino,1,19,1,19,5,418,68,68,65,59,53,53,55,0,69,36,19,5,9,3,2014,1
951,Masculino,2,12,1,19,5,416,68,68,60,57,63,63,64,0,47,53,8,3,9,2,2014,1
952,Masculino,2,20,1,106,15,413,76,76,59,55,46,46,68,0,40,43,20,6,9,2,2014,2
953,Femenino,1,18,1,19,5,411,68,68,62,65,56,56,53,0,50,58,18,3,9,2,2014,1
954,Femenino,2,11,1,19,5,406,57,57,74,65,52,52,53,0,51,42,11,5,9,3,2014,2
955,Masculino,1,20,1,155,30,421,68,68,60,47,63,63,63,0,60,49,8,3,9,2,2014,2
956,Femenino,2,11,1,19,5,412,59,59,66,65,65,65,57,0,48,71,19,5,9,2,2014,1
957,Femenino,2,8,1,19,5,400,60,60,70,59,58,58,47,0,47,68,8,3,9,3,2014,2
958,Masculino,1,18,1,19,5,413,65,65,59,61,68,68,49,0,52,63,4,4,9,2,2014,2
959,Femenino,2,5,1,19,5,416,62,62,62,69,62,62,53,0,51,74,5,6,9,2,2014,1
960,Femenino,1,2,1,19,5,409,71,71,62,59,52,52,47,0,61,66,12,3,9,3,2014,1
961,Masculino,2,20,1,71,15,429,60,60,62,65,58,58,62,0,59,77,20,6,9,3,2014,2
962,Femenino,1,12,1,19,5,412,65,65,62,70,50,50,51,0,46,51,3,1,9,2,2014,1
963,Masculino,0,20,0,0,0,411,61,61,66,75,54,54,54,0,50,59,2,1,9,3,2014,1
964,Masculino,0,14,0,0,0,407,56,56,72,55,59,59,58,0,53,54,8,3,9,3,2014,1
965,Femenino,1,8,1,19,5,411,60,60,66,54,58,58,57,0,52,58,8,3,9,2,2014,2
966,Masculino,1,20,1,184,4,410,52,52,73,53,60,60,62,0,53,48,12,3,9,2,2014,2
967,Femenino,2,9,1,19,5,390,60,60,74,52,52,52,59,0,36,40,9,4,9,3,2014,2
968,Femenino,2,20,1,222,15,407,68,68,60,59,63,63,68,0,41,49,20,6,9,1,2014,1
969,Femenino,0,8,0,0,0,396,68,68,65,59,54,54,55,0,43,42,7,5,9,2,2014,2
970,Femenino,1,20,1,40,15,425,65,65,56,66,54,54,55,0,56,80,20,6,9,2,2014,2
971,Femenino,2,20,1,180,15,407,71,71,59,52,56,56,57,0,56,57,20,6,9,2,2014,2
972,Femenino,1,8,1,19,5,388,64,64,48,49,52,52,53,0,51,47,8,3,7,1,2014,1
973,Femenino,1,10,1,19,5,362,60,60,56,43,56,56,53,0,43,45,8,3,7,2,2014,1
974,Masculino,2,10,1,19,5,357,50,50,57,52,50,50,50,0,51,52,19,5,7,2,2014,1
975,Femenino,1,8,1,19,5,366,52,52,45,57,44,44,58,0,58,65,8,3,7,2,2014,2
976,Femenino,1,5,1,19,5,404,54,54,62,51,54,54,62,0,56,42,5,6,4,1,2014,2
977,Femenino,0,8,0,0,0,380,55,55,58,49,56,56,52,0,49,43,8,3,4,2,2014,1
978,Masculino,2,10,1,19,5,370,47,47,56,52,56,56,59,0,44,71,10,3,4,3,2014,1
979,Masculino,0,4,0,0,0,412,68,68,65,67,57,57,50,0,44,48,7,5,6,2,2014,2
980,Masculino,0,20,0,0,0,394,56,56,53,53,61,61,45,0,58,50,20,6,2,1,2014,2
981,Femenino,1,11,1,19,5,397,59,59,66,54,52,52,59,0,46,58,11,5,5,2,2014,2
982,Femenino,0,20,0,0,0,362,61,61,53,55,61,61,58,0,50,43,20,6,5,2,2014,2
983,Femenino,1,20,1,120,30,351,40,40,56,62,42,42,48,0,38,43,20,6,5,1,2014,1
984,Masculino,2,8,1,19,5,411,65,65,56,66,48,48,65,0,46,57,8,3,9,2,2014,3
985,Masculino,0,7,0,0,0,385,91,88,0,0,0,69,84,0,0,76,9,4,9,3,2015,2
986,Femenino,0,10,0,0,0,397,90,88,0,0,0,72,80,0,0,66,10,3,9,3,2015,2
987,Femenino,0,7,0,0,0,394,81,80,0,0,0,75,86,0,0,65,7,5,9,2,2015,2
988,Femenino,0,20,0,0,0,382,85,100,0,0,0,75,78,0,0,77,20,6,9,2,2015,2
989,Masculino,0,16,0,0,0,390,79,77,0,0,0,84,79,0,0,75,16,2,9,3,2015,2
990,Masculino,0,11,0,0,0,389,81,77,0,0,0,75,77,0,0,100,11,5,9,3,2015,2
991,Femenino,0,7,0,0,0,375,81,84,0,0,0,67,82,0,0,71,7,5,9,2,2015,2
992,Femenino,0,19,0,0,0,382,79,74,0,0,0,75,80,0,0,60,19,5,9,2,2015,2
993,Femenino,0,9,0,0,0,382,81,84,0,0,0,75,73,0,0,82,8,3,9,2,2015,1
994,Femenino,0,16,0,0,0,372,81,77,0,0,0,72,77,0,0,77,16,2,9,3,2015,1
995,Masculino,0,18,0,0,0,375,77,71,0,0,0,78,76,0,0,82,8,3,9,3,2015,1
996,Femenino,0,14,0,0,0,366,79,77,0,0,0,65,80,0,0,64,16,2,9,3,2015,1
997,Femenino,0,20,0,0,0,347,95,94,0,0,0,55,73,0,0,49,20,6,9,2,2015,2
998,Femenino,0,9,0,0,0,376,72,68,0,0,0,70,79,0,0,75,16,2,9,3,2015,2
999,Femenino,0,1,0,0,0,377,70,71,0,0,0,84,78,0,0,65,1,5,9,3,2015,1
1000,Masculino,0,1,0,0,0,368,81,74,0,0,0,75,72,0,0,61,1,5,9,3,2015,1
1001,Femenino,0,7,0,0,0,379,67,71,0,0,0,92,78,0,0,73,7,5,9,2,2015,1
1002,Masculino,0,8,0,0,0,374,81,77,0,0,0,79,69,0,0,60,8,3,9,3,2015,1
1003,Femenino,0,20,0,0,0,373,75,74,0,0,0,72,75,0,0,84,20,6,9,2,2015,2
1004,Femenino,0,7,0,0,0,367,77,71,0,0,0,72,75,0,0,82,7,5,9,2,2015,1
1005,Femenino,0,10,0,0,0,362,77,77,0,0,0,69,78,0,0,67,10,3,9,3,2015,2
1006,Masculino,0,20,0,0,0,364,79,80,0,0,0,67,75,0,0,71,20,6,9,2,2015,2
1007,Femenino,0,19,0,0,0,376,69,73,0,0,0,76,79,0,0,72,19,5,9,2,2015,1
1008,Femenino,0,20,0,0,0,368,79,84,0,0,0,67,73,0,0,75,20,6,9,2,2015,2
1009,Femenino,0,6,0,0,0,367,74,68,0,0,0,72,77,0,0,75,19,5,9,2,2015,1
1010,Masculino,0,14,0,0,0,362,79,77,0,0,0,63,73,0,0,100,14,2,9,3,2015,2
1011,Femenino,0,11,0,0,0,344,83,80,0,0,0,57,78,0,0,67,11,5,9,3,2015,1
1012,Femenino,0,19,0,0,0,349,85,74,0,0,0,55,75,0,0,61,19,5,9,2,2015,2
1013,Masculino,0,11,0,0,0,371,72,65,0,0,0,69,77,0,0,67,11,5,9,2,2015,2
1014,Femenino,0,11,0,0,0,363,83,84,0,0,0,61,70,0,0,67,11,5,9,4,2015,2
1015,Masculino,0,10,0,0,0,358,79,71,0,0,0,72,74,0,0,60,10,3,9,3,2015,2
1016,Masculino,0,18,0,0,0,366,75,67,0,0,0,67,74,0,0,85,18,3,9,2,2015,2
1017,Femenino,1,20,1,221,6,458,71,71,99,61,60,60,57,0,55,52,6,5,9,2,2015,1
1018,Femenino,0,5,0,0,0,369,74,71,0,0,0,78,72,0,0,75,5,6,9,1,2015,2
1019,Masculino,0,10,0,0,0,366,74,74,0,0,0,75,74,0,0,69,10,3,9,3,2015,1
1020,Femenino,0,13,0,0,0,360,74,71,0,0,0,78,76,0,0,58,11,5,9,2,2015,1
1021,Femenino,0,11,0,0,0,362,81,80,0,0,0,61,70,0,0,85,15,3,9,3,2015,2
1022,Masculino,0,19,0,0,0,365,75,77,0,0,0,78,72,0,0,68,19,5,9,1,2015,2
1023,Masculino,0,7,0,0,0,353,85,81,0,0,0,67,69,0,0,59,7,5,9,2,2015,2
1024,Femenino,0,7,0,0,0,359,77,80,0,0,0,57,75,0,0,81,8,3,9,3,2015,2
1025,Femenino,0,13,0,0,0,364,72,71,0,0,0,72,74,0,0,100,10,3,9,3,2015,2
1026,Masculino,0,20,0,0,0,357,79,81,0,0,0,69,71,0,0,77,20,6,9,3,2015,2
1027,Masculino,0,20,0,0,0,350,74,77,0,0,0,65,81,0,0,54,19,5,9,1,2015,2
1028,Masculino,0,11,0,0,0,367,72,74,0,0,0,75,73,0,0,75,11,5,9,2,2015,2
1029,Femenino,0,18,0,0,0,356,81,81,0,0,0,65,70,0,0,64,6,5,9,3,2015,1
1030,Femenino,0,19,0,0,0,364,72,74,0,0,0,72,73,0,0,88,19,5,9,3,2015,2
1031,Femenino,0,19,0,0,0,353,79,77,0,0,0,62,73,0,0,68,19,5,9,1,2015,2
1032,Femenino,0,9,0,0,0,356,75,74,0,0,0,70,74,0,0,68,9,4,9,2,2015,1
1033,Femenino,0,20,0,0,0,357,75,77,0,0,0,72,74,0,0,58,20,6,9,2,2015,2
1034,Femenino,0,18,0,0,0,359,79,74,0,0,0,78,68,0,0,52,5,6,9,2,2015,1
1035,Femenino,0,8,0,0,0,357,83,84,0,0,0,67,65,0,0,82,18,3,9,3,2015,2
1036,Femenino,0,12,0,0,0,339,81,84,0,0,0,58,77,0,0,51,10,3,9,2,2015,2
1037,Femenino,0,11,0,0,0,372,72,65,0,0,0,65,71,0,0,82,11,5,9,3,2015,1
1038,Femenino,0,10,0,0,0,357,72,74,0,0,0,67,76,0,0,81,11,5,9,1,2015,3
1039,Femenino,0,10,0,0,0,354,75,74,0,0,0,72,74,0,0,65,16,2,9,3,2015,2
1040,Femenino,0,9,0,0,0,349,77,84,0,0,0,67,75,0,0,58,9,4,9,2,2015,1
1041,Masculino,0,1,0,0,0,358,74,71,0,0,0,65,73,0,0,88,12,3,9,3,2015,2
1042,Femenino,0,12,0,0,0,351,79,84,0,0,0,67,71,0,0,70,12,3,9,3,2015,1
1043,Masculino,0,10,0,0,0,357,77,68,0,0,0,70,71,0,0,60,10,3,9,3,2015,2
1044,Masculino,0,20,0,0,0,347,77,77,0,0,0,67,74,0,0,73,20,6,9,3,2015,2
1045,Femenino,0,13,0,0,0,358,77,74,0,0,0,69,69,0,0,79,13,1,9,1,2015,1
1046,Femenino,0,1,0,0,0,355,77,74,0,0,0,65,71,0,0,73,1,5,9,3,2015,2
1047,Femenino,0,19,0,0,0,350,75,71,0,0,0,72,74,0,0,55,19,5,9,2,2015,1
1048,Masculino,0,20,0,0,0,362,75,77,0,0,0,70,70,0,0,61,20,6,9,2,2015,2
1049,Femenino,0,8,0,0,0,355,72,65,0,0,0,70,74,0,0,75,8,3,9,3,2015,2
1050,Femenino,0,10,0,0,0,358,66,65,0,0,0,72,77,0,0,100,10,3,9,3,2015,2
1051,Masculino,0,14,0,0,0,345,77,77,0,0,0,70,74,0,0,56,16,2,9,3,2015,2
1052,Femenino,0,11,0,0,0,355,75,77,0,0,0,67,72,0,0,63,11,5,9,2,2015,2
1053,Femenino,0,16,0,0,0,355,75,77,0,0,0,65,71,0,0,84,16,2,9,3,2015,2
1054,Femenino,0,16,0,0,0,355,79,77,0,0,0,65,69,0,0,53,16,2,9,3,2015,1
1055,Masculino,0,15,0,0,0,356,74,67,0,0,0,65,73,0,0,59,5,6,9,2,2015,2
1056,Femenino,0,20,0,0,0,359,74,77,0,0,0,67,71,0,0,67,20,6,9,1,2015,2
1057,Femenino,0,20,0,0,0,343,79,100,0,0,0,69,72,0,0,55,20,6,9,2,2015,2
1058,Femenino,0,8,0,0,0,356,69,68,0,0,0,83,75,0,0,47,8,3,9,2,2015,1
1059,Masculino,0,20,0,0,0,357,75,71,0,0,0,67,70,0,0,75,20,6,9,2,2015,1
1060,Femenino,0,11,0,0,0,348,74,77,0,0,0,65,75,0,0,65,11,5,9,2,2015,1
1061,Femenino,2,11,1,19,5,449,85,85,73,59,57,57,64,0,49,57,11,5,9,3,2015,2
1062,Masculino,1,20,1,110,8,456,84,84,69,63,59,59,73,0,55,45,20,6,9,2,2015,1
1063,Masculino,2,9,1,19,5,443,77,77,74,57,57,57,62,0,53,75,9,4,9,3,2015,2
1064,Femenino,2,18,1,19,5,462,65,65,77,59,55,55,69,0,65,60,18,3,9,2,2015,1
1065,Femenino,1,20,1,185,15,461,74,74,65,66,65,65,68,0,62,59,20,6,9,1,2015,1
1066,Femenino,2,11,1,19,5,443,70,70,61,65,61,61,65,0,58,83,11,5,9,2,2015,1
1067,Masculino,1,20,1,86,7,416,90,90,55,62,53,53,56,0,45,54,20,6,9,2,2015,2
1068,Masculino,1,20,1,12,25,437,70,70,62,55,62,62,57,0,63,65,17,2,9,3,2015,1
1069,Femenino,1,8,1,19,5,433,69,69,60,83,60,60,54,0,48,39,20,6,9,2,2015,2
1070,Masculino,2,1,3,19,5,420,65,65,69,60,61,61,53,0,55,75,1,5,9,4,2015,2
1071,Masculino,1,20,1,104,7,417,71,71,65,57,60,60,58,0,45,48,20,6,9,2,2015,2
1072,Masculino,2,9,1,19,5,406,77,77,65,57,55,55,54,0,42,60,9,4,9,3,2015,2
1073,Femenino,2,18,0,19,5,419,56,56,73,63,63,63,55,0,46,46,18,3,9,2,2015,1
1074,Masculino,1,20,1,35,6,434,68,68,62,53,60,60,60,0,62,58,11,5,9,2,2015,2
1075,Femenino,2,11,1,19,5,418,71,71,62,66,65,65,60,0,51,56,11,5,9,3,2015,1
1076,Masculino,2,18,1,19,5,427,78,78,53,57,60,60,55,0,59,89,14,2,9,3,2015,2
1077,Femenino,1,9,1,19,5,420,70,70,62,61,57,57,62,0,50,60,9,4,9,3,2015,1
1078,Femenino,0,8,0,0,0,306,74,68,0,0,0,55,56,0,0,54,8,3,9,2,2015,2
1079,Femenino,0,20,0,0,0,324,69,65,0,0,0,58,66,0,0,57,8,3,7,2,2015,2
1080,Femenino,0,5,0,0,0,307,64,62,0,0,0,63,65,0,0,55,5,6,7,1,2015,1
1081,Femenino,0,21,0,0,0,307,66,62,0,0,0,63,59,0,0,52,20,6,7,2,2015,1
1082,Femenino,0,8,0,0,0,290,58,68,0,0,0,51,65,0,0,64,8,3,7,3,2015,1
1083,Masculino,0,18,0,0,0,307,50,49,0,0,0,70,60,0,0,75,4,4,7,2,2015,1
1084,Femenino,2,20,1,221,6,386,52,52,53,52,62,62,51,0,55,63,20,6,7,3,2015,2
1085,Masculino,1,12,1,19,5,373,50,50,53,56,62,62,53,0,40,59,13,1,7,3,2015,2
1086,Femenino,0,5,0,0,0,311,70,65,0,0,0,61,65,0,0,55,5,6,4,1,2015,2
1087,Femenino,0,8,0,0,0,310,69,68,0,0,0,60,65,0,0,56,8,3,4,2,2015,1
1088,Masculino,1,7,1,19,5,400,76,76,59,58,50,50,48,0,59,47,7,5,4,2,2015,2
1089,Masculino,1,11,1,19,5,363,63,63,53,57,54,54,55,0,38,46,11,5,6,2,2015,2
1090,Femenino,0,20,0,0,0,359,70,71,0,0,0,63,74,0,0,70,20,6,9,2,2015,1
1091,Masculino,0,10,0,0,0,352,72,71,0,0,0,75,71,0,0,84,10,3,9,3,2015,2
1092,Femenino,0,15,0,0,0,358,74,68,0,0,0,72,70,0,0,58,19,5,9,2,2015,1
1093,Femenino,0,20,0,0,0,317,61,62,0,0,0,63,67,0,0,62,20,6,2,2,2015,2
1094,Femenino,2,7,1,19,5,444,86,86,69,52,58,58,58,0,59,53,7,5,9,1,2015,1
1095,Femenino,0,1,0,0,0,423,71,71,68,61,61,61,50,0,53,57,1,5,9,2,2015,2
1096,Femenino,0,10,0,0,0,362,67,67,0,0,0,78,73,0,0,79,10,3,9,2,2015,1
1097,Masculino,0,11,0,0,0,319,66,62,0,0,0,75,67,0,0,56,11,5,5,2,2015,2
1098,Femenino,0,11,0,0,0,312,61,55,0,0,0,63,66,0,0,59,11,5,5,2,2015,1
1099,Femenino,1,20,1,154,14,462,55,55,60,75,58,58,68,0,69,41,10,3,5,2,2015,1
1100,Masculino,0,20,0,0,0,288,63,65,0,0,0,54,59,0,0,45,8,3,5,2,2015,2
1101,Masculino,2,20,1,120,30,401,67,67,52,60,58,58,52,0,53,66,20,6,5,2,2015,1
1102,Masculino,1,9,1,19,5,378,59,59,56,54,54,54,55,0,47,47,9,4,5,2,2015,2
1103,Masculino,1,20,1,124,24,370,49,49,53,52,56,56,62,0,51,47,20,6,5,1,2015,1
1104,Femenino,0,10,0,0,0,343,77,74,0,0,0,65,73,0,0,61,10,3,9,3,2015,2
1105,Femenino,0,20,0,0,0,339,77,74,0,0,0,58,74,0,0,59,19,5,9,2,2015,1
1106,Femenino,0,20,0,0,0,352,69,71,0,0,0,69,75,0,0,66,20,6,9,2,2015,1
1107,Femenino,0,10,0,0,0,341,81,80,0,0,0,67,68,0,0,68,10,3,9,3,2015,1
1108,Femenino,0,15,0,0,0,347,75,71,0,0,0,67,72,0,0,67,18,3,9,3,2015,2
1109,Masculino,0,17,0,0,0,356,79,84,0,0,0,63,67,0,0,73,3,1,9,1,2015,2
1110,Femenino,0,20,0,0,0,351,72,68,0,0,0,67,75,0,0,64,20,6,9,2,2015,1
1111,Femenino,0,2,0,0,0,355,75,71,0,0,0,75,69,0,0,73,16,2,9,3,2015,2
1112,Masculino,0,20,0,0,0,346,75,71,0,0,0,67,73,0,0,68,20,6,9,1,2015,2
1113,Femenino,0,10,0,0,0,393,89,81,0,0,0,67,81,0,0,82,10,3,9,2,2015,2
1114,Femenino,0,10,0,0,0,380,89,77,0,0,0,64,76,0,0,74,19,5,9,1,2015,1
1115,Femenino,2,20,1,16,4,374,87,88,0,0,0,67,78,0,0,69,8,3,9,3,2015,1
1116,Masculino,0,20,0,0,0,377,81,77,0,0,0,65,84,0,0,57,16,2,9,3,2015,2
1117,Femenino,0,20,0,0,0,387,83,77,0,0,0,65,78,0,0,64,8,3,9,2,2015,2
1118,Masculino,0,14,0,0,0,379,83,86,0,0,0,71,78,0,0,76,8,3,9,3,2015,1
1119,Femenino,0,9,0,0,0,381,81,86,0,0,0,71,76,0,0,78,16,2,9,3,2015,1
1120,Masculino,2,10,1,19,5,387,74,68,0,0,0,78,78,0,0,73,10,3,9,3,2015,3
1121,Femenino,0,13,0,0,0,382,79,81,0,0,0,71,76,0,0,62,8,3,9,3,2015,2
1122,Masculino,0,20,0,0,0,372,81,86,0,0,0,79,74,0,0,58,18,3,9,1,2015,2
1123,Masculino,0,20,0,0,0,370,79,86,0,0,0,69,76,0,0,78,20,6,9,2,2015,1
1124,Masculino,0,9,0,0,0,363,89,93,0,0,0,64,69,0,0,66,8,3,9,3,2015,2
1125,Femenino,2,8,1,19,5,377,74,68,0,0,0,72,75,0,0,93,9,4,9,4,2015,2
1126,Masculino,1,18,1,19,5,357,89,77,0,0,0,67,66,0,0,88,8,3,9,2,2015,2
1127,Femenino,0,13,0,0,0,361,86,81,0,0,0,65,69,0,0,66,12,3,9,3,2015,2
1128,Femenino,2,12,1,19,5,372,75,65,0,0,0,75,72,0,0,93,12,3,9,3,2015,2
1129,Femenino,0,16,0,0,0,367,77,77,0,0,0,69,74,0,0,67,16,2,9,3,2015,2
1130,Femenino,0,8,0,0,0,358,83,77,0,0,0,67,72,0,0,57,8,3,9,2,2015,2
1131,Femenino,0,20,0,0,0,356,81,81,0,0,0,67,74,0,0,59,20,6,9,2,2015,1
1132,Femenino,2,7,1,19,5,358,81,84,0,0,0,72,71,0,0,71,7,5,9,2,2015,1
1133,Femenino,0,7,0,0,0,362,79,81,0,0,0,59,74,0,0,61,7,5,9,2,2015,2
1134,Femenino,1,20,1,40,15,352,83,77,0,0,0,70,70,0,0,68,20,6,9,2,2015,1
1135,Masculino,2,7,1,19,5,358,77,74,0,0,0,67,72,0,0,93,7,5,9,2,2015,1
1136,Masculino,0,12,0,0,0,371,75,67,0,0,0,65,69,0,0,95,12,3,9,3,2015,1
1137,Femenino,2,20,1,55,7,365,75,80,0,0,0,75,71,0,0,66,20,6,9,3,2015,2
1138,Femenino,1,12,1,19,5,361,77,68,0,0,0,72,70,0,0,75,12,3,9,3,2015,2
1139,Femenino,1,11,1,19,5,359,66,65,0,0,0,72,81,0,0,75,11,5,9,3,2015,1
1140,Femenino,0,6,0,0,0,347,79,70,0,0,0,64,75,0,0,49,19,5,9,2,2015,2
1141,Masculino,0,16,0,0,0,361,75,77,0,0,0,69,70,0,0,74,14,2,9,3,2015,2
1142,Femenino,1,13,1,19,5,349,72,65,0,0,0,69,77,0,0,73,8,3,9,2,2015,1
1143,Masculino,0,20,0,0,0,352,73,77,0,0,0,71,75,0,0,60,20,6,9,3,2015,2
1144,Femenino,0,6,0,0,0,335,86,81,0,0,0,59,69,0,0,70,6,5,9,2,2015,2
1145,Femenino,0,8,0,0,0,342,81,81,0,0,0,69,70,0,0,49,8,3,9,2,2015,2
1146,Masculino,0,11,0,0,0,347,81,86,0,0,0,62,68,0,0,62,11,5,9,2,2015,2
1147,Femenino,0,20,0,0,0,358,71,73,0,0,0,67,72,0,0,72,20,6,9,3,2015,1
1148,Masculino,0,20,0,0,0,353,73,81,0,0,0,69,72,0,0,62,20,6,9,1,2015,2
1149,Femenino,0,20,0,0,0,337,77,77,0,0,0,64,75,0,0,49,20,6,9,2,2015,1
1150,Femenino,2,10,1,19,5,356,74,74,0,0,0,58,71,0,0,73,10,3,9,3,2015,1
1151,Masculino,1,14,1,19,5,348,72,74,0,0,0,67,73,0,0,85,16,2,9,3,2015,2
1152,Femenino,0,8,0,0,0,355,73,77,0,0,0,67,70,0,0,72,8,3,9,2,2015,2
1153,Masculino,0,20,0,0,0,349,79,70,0,0,0,59,68,0,0,68,20,6,9,3,2015,2
1154,Femenino,1,8,1,19,5,338,79,77,0,0,0,61,72,0,0,57,8,3,9,3,2015,1
1155,Femenino,2,16,1,19,5,347,75,74,0,0,0,65,70,0,0,88,16,2,9,3,2015,2
1156,Femenino,1,20,1,139,18,340,77,74,0,0,0,58,74,0,0,55,10,3,9,2,2015,2
1157,Femenino,0,20,0,0,0,348,71,73,0,0,0,59,76,0,0,65,20,6,9,3,2015,2
1158,Masculino,2,10,1,19,5,343,79,74,0,0,0,61,69,0,0,65,10,3,9,3,2015,2
1159,Femenino,2,16,1,19,5,345,69,71,0,0,0,70,75,0,0,84,16,2,9,3,2015,2
1160,Femenino,2,16,1,19,5,341,77,77,0,0,0,61,71,0,0,65,6,5,9,3,2015,2
1161,Femenino,0,10,0,0,0,345,75,73,0,0,0,64,72,0,0,43,11,5,9,2,2015,1
1162,Masculino,1,20,1,180,15,353,72,71,0,0,0,75,68,0,0,73,20,6,9,2,2015,2
1163,Masculino,0,4,0,0,0,345,79,86,0,0,0,62,67,0,0,66,21,7,9,2,2015,2
1164,Femenino,0,11,0,0,0,337,75,73,0,0,0,61,74,0,0,65,11,5,9,2,2015,2
1165,Femenino,2,12,1,19,5,340,79,81,0,0,0,72,67,0,0,54,12,3,9,3,2015,1
1166,Masculino,2,11,1,19,5,349,72,71,0,0,0,70,70,0,0,71,11,5,9,2,2015,2
1167,Femenino,2,20,1,180,15,347,72,74,0,0,0,75,70,0,0,59,20,6,9,2,2015,2
1168,Masculino,0,20,0,0,0,349,70,73,0,0,0,69,72,0,0,62,20,6,9,2,2015,2
1169,Femenino,0,20,0,0,0,355,67,62,0,0,0,73,72,0,0,65,20,6,9,3,2015,2
1170,Femenino,0,20,0,0,0,346,67,67,0,0,0,69,76,0,0,62,20,6,9,2,2015,2
1171,Femenino,2,9,1,19,5,342,72,71,0,0,0,60,73,0,0,79,9,4,9,3,2015,2
1172,Masculino,0,20,0,0,0,335,77,86,0,0,0,59,72,0,0,55,20,6,9,2,2015,2
1173,Masculino,2,20,1,55,7,338,77,88,0,0,0,65,70,0,0,47,20,6,9,3,2015,2
1174,Femenino,1,9,1,19,5,483,71,71,65,89,65,65,58,0,63,52,9,4,9,2,2015,1
1175,Femenino,0,20,0,0,0,441,68,68,83,71,57,57,58,0,50,49,20,6,9,3,2015,1
1176,Femenino,1,9,1,19,5,456,73,73,63,62,78,78,52,0,59,59,9,4,9,3,2015,1
1177,Femenino,1,8,1,19,5,443,88,88,56,69,68,68,49,0,52,39,8,3,9,1,2015,2
1178,Femenino,1,15,1,19,5,426,71,71,80,56,58,58,61,0,47,74,19,5,9,2,2015,2
1179,Femenino,1,20,1,39,28,450,65,65,74,70,54,54,65,0,54,57,8,3,9,2,2015,1
1180,Femenino,2,7,1,19,5,442,69,69,68,55,69,69,63,0,49,56,19,5,9,2,2015,2
1181,Femenino,2,3,1,19,5,434,71,71,74,53,60,60,58,0,59,71,20,6,9,2,2015,1
1182,Femenino,2,2,1,19,5,430,75,75,70,59,62,62,57,0,52,66,14,2,9,3,2015,1
1183,Femenino,2,11,1,19,5,462,69,69,63,65,67,67,68,0,69,59,11,5,9,3,2015,2
1184,Femenino,2,16,1,19,5,423,85,85,60,75,54,54,48,0,41,60,8,3,9,3,2015,2
1185,Masculino,1,21,1,58,15,438,70,70,67,64,61,61,54,0,59,52,21,7,9,1,2015,1
1186,Femenino,1,10,1,19,5,453,86,86,50,69,58,58,62,0,59,66,8,3,9,2,2015,2
1187,Masculino,1,8,1,19,5,437,86,86,55,59,62,62,63,0,53,43,19,5,9,2,2015,1
1188,Femenino,0,20,0,0,0,415,84,84,60,56,60,60,49,0,48,45,20,6,9,2,2015,2
1189,Femenino,1,20,1,139,18,442,54,54,74,61,67,67,67,0,58,59,20,6,9,2,2015,1
1190,Masculino,0,16,0,0,0,438,65,65,60,56,78,78,52,0,69,52,7,5,9,2,2015,1
1191,Femenino,2,11,3,19,5,427,81,81,53,57,60,60,62,0,56,65,8,3,9,2,2015,1
1192,Femenino,1,16,1,19,5,429,80,80,52,56,65,65,58,0,63,59,16,2,9,3,2015,1
1193,Femenino,1,8,1,19,5,399,62,62,74,56,60,60,51,0,40,52,8,3,9,2,2015,1
1194,Femenino,1,18,1,19,5,435,55,55,65,62,67,67,58,0,62,48,18,3,9,3,2015,2
1195,Femenino,2,10,1,19,5,427,64,64,63,58,58,58,63,0,53,66,10,3,9,2,2015,1
1196,Masculino,1,20,1,44,15,416,67,67,65,57,59,59,59,0,53,70,18,3,9,3,2015,2
1197,Femenino,1,20,1,226,15,421,76,76,53,63,60,60,61,0,46,53,20,6,9,2,2015,2
1198,Femenino,1,20,1,217,7,413,72,72,61,65,54,54,63,0,47,51,20,6,9,2,2015,1
1199,Masculino,1,18,1,19,5,421,68,68,56,59,67,67,57,0,51,54,18,3,9,2,2015,1
1200,Femenino,2,7,1,19,5,426,65,65,59,67,61,61,54,0,61,54,7,5,9,2,2015,2
1201,Masculino,1,20,1,203,15,401,60,60,70,61,60,60,51,0,44,56,20,6,9,2,2015,2
1202,Masculino,1,20,1,180,15,409,63,63,65,59,63,63,55,0,49,39,20,6,9,1,2015,2
1203,Femenino,2,19,1,19,5,418,60,60,63,50,69,69,51,0,60,47,19,5,9,1,2015,1
1204,Femenino,2,20,1,174,15,302,59,59,0,0,0,58,64,0,0,58,20,6,7,2,2015,1
1205,Masculino,2,20,1,180,15,282,66,62,0,0,0,57,54,0,0,56,5,6,7,2,2015,1
1206,Masculino,2,8,1,19,5,292,50,57,0,0,0,62,56,0,0,48,7,5,7,2,2015,1
1207,Femenino,1,8,1,19,5,360,72,71,0,0,0,69,75,0,0,75,8,3,4,3,2015,2
1208,Femenino,0,20,0,0,0,351,79,81,0,0,0,65,70,0,0,43,10,3,4,3,2015,1
1209,Femenino,1,20,1,80,6,415,63,63,80,56,62,62,61,0,41,47,8,3,4,1,2015,1
1210,Masculino,0,18,0,0,0,356,75,73,0,0,0,64,76,0,0,53,18,3,6,2,2015,2
1211,Femenino,1,14,1,19,5,334,70,68,0,0,0,57,70,0,0,71,14,2,6,3,2015,2
1212,Masculino,1,16,1,19,5,322,64,62,0,0,0,75,62,0,0,49,16,2,6,3,2015,2
1213,Femenino,1,12,1,19,5,433,80,80,50,62,59,59,69,0,53,52,11,5,9,2,2015,1
1214,Femenino,1,8,1,19,5,340,75,62,0,0,0,67,68,0,0,60,10,3,9,3,2015,1
1215,Masculino,0,20,0,0,0,299,65,64,0,0,0,62,61,0,0,37,20,6,5,1,2015,1
1216,Femenino,0,20,0,0,0,310,53,54,0,0,0,65,64,0,0,62,20,6,5,0,2015,1
1217,Masculino,0,20,0,0,0,296,62,64,0,0,0,56,58,0,0,55,20,6,5,2,2015,1
1218,Masculino,2,7,1,19,5,288,52,52,0,0,0,60,57,0,0,56,2,1,5,4,2015,2
1219,Femenino,1,4,1,19,5,352,68,68,50,47,48,48,48,0,34,47,7,5,5,2,2015,2
1220,Femenino,2,9,1,19,5,419,85,85,64,53,59,59,58,0,42,40,9,4,9,3,2015,1
1221,Femenino,1,20,1,123,23,340,70,71,0,0,0,69,72,0,0,55,18,3,9,3,2015,2
1222,Femenino,2,9,1,19,5,321,77,74,0,0,0,51,75,0,0,55,9,4,9,2,2015,2
1223,Femenino,2,18,1,19,5,345,67,71,0,0,0,67,74,0,0,79,16,2,9,3,2015,2
1224,Femenino,0,20,0,0,0,420,63,63,62,61,58,58,64,0,51,53,20,6,9,3,2015,2
1225,Femenino,2,10,1,19,5,351,70,74,0,0,0,75,66,0,0,88,10,3,9,3,2015,2
1226,Femenino,0,20,0,0,0,401,73,73,57,62,63,63,54,0,33,35,11,5,9,2,2015,1
1227,Masculino,1,21,1,210,15,350,66,71,0,0,0,72,72,0,0,55,20,6,9,2,2015,2
1228,Masculino,2,1,1,19,5,344,79,74,0,0,0,75,60,0,0,64,1,5,9,4,2015,2
1229,Femenino,0,20,0,0,0,355,70,73,0,0,0,76,68,0,0,58,20,6,9,1,2015,2
1230,Masculino,1,16,1,19,5,342,69,65,0,0,0,65,73,0,0,84,8,3,9,2,2015,1
1231,Femenino,0,8,0,0,0,337,71,77,0,0,0,59,75,0,0,59,16,2,9,3,2015,2
1232,Femenino,1,8,1,19,5,412,65,65,66,65,52,52,59,0,55,51,8,3,9,2,2015,1
1233,Femenino,2,9,1,19,5,405,71,71,62,65,54,54,53,0,48,50,9,4,9,2,2015,2
1234,Femenino,0,10,0,0,0,348,71,76,0,0,0,68,70,0,0,60,19,5,9,1,2015,2
1235,Femenino,2,1,1,19,5,343,64,68,0,0,0,72,75,0,0,74,1,5,9,3,2015,1
1236,Femenino,0,16,0,0,0,341,77,77,0,0,0,64,68,0,0,58,20,6,9,3,2015,2
1237,Masculino,1,10,1,19,5,348,69,62,0,0,0,69,70,0,0,75,10,3,9,2,2015,2
1238,Masculino,0,11,0,0,0,341,73,67,0,0,0,62,72,0,0,67,11,5,9,3,2015,1
1239,Masculino,0,1,0,0,0,337,71,77,0,0,0,61,75,0,0,57,11,5,9,2,2015,2
1240,Femenino,1,20,1,71,15,348,70,74,0,0,0,67,70,0,0,53,20,6,9,2,2015,2
1241,Femenino,0,18,0,0,0,369,83,81,0,0,0,73,70,0,0,68,18,3,9,2,2015,2
1242,Femenino,1,20,1,189,15,340,70,65,0,0,0,63,72,0,0,61,8,3,9,2,2015,2
1243,Femenino,0,15,0,0,0,367,87,0,0,0,0,63,70,67,0,93,15,3,9,3,2016,2
1244,Femenino,0,7,0,0,0,373,80,0,0,0,0,69,71,78,0,76,7,5,9,2,2016,2
1245,Femenino,1,4,1,19,5,465,78,78,87,61,65,65,59,57,58,80,4,4,9,2,2016,2
1246,Femenino,0,1,0,0,0,356,87,0,0,0,0,60,70,68,0,70,11,5,9,2,2016,2
1247,Masculino,0,1,0,0,0,374,80,0,0,0,0,73,76,74,0,64,11,5,9,3,2016,2
1248,Masculino,0,18,0,0,0,377,88,0,0,0,0,65,84,67,0,68,15,3,9,3,2016,2
1249,Femenino,0,8,0,0,0,352,84,0,0,0,0,63,70,70,0,54,4,4,9,2,2016,2
1250,Masculino,0,9,0,0,0,354,84,0,0,0,0,65,71,63,0,71,9,4,9,3,2016,1
1251,Femenino,0,10,0,0,0,383,93,0,0,0,0,74,74,62,0,88,10,3,9,3,2016,2
1252,Femenino,0,1,0,0,0,387,87,0,0,0,0,73,78,70,0,82,1,5,9,3,2016,2
1253,Masculino,0,10,0,0,0,358,80,0,0,0,0,71,70,65,0,73,10,3,9,3,2016,2
1254,Femenino,0,9,0,0,0,378,82,0,0,0,0,65,74,81,0,76,8,3,9,2,2016,2
1255,Masculino,0,19,0,0,0,368,96,0,0,0,0,67,67,65,0,73,19,5,9,1,2016,2
1256,Masculino,0,9,0,0,0,364,90,0,0,0,0,71,62,68,0,74,9,4,9,3,2016,2
1257,Femenino,0,9,0,0,0,405,96,0,0,0,0,69,90,70,0,77,9,4,9,3,2016,3
1258,Masculino,0,20,0,0,0,364,84,0,0,0,0,65,70,68,0,85,20,6,9,2,2016,1
1259,Femenino,0,20,0,0,0,353,77,0,0,0,0,75,73,64,0,52,20,6,9,2,2016,1
1260,Masculino,0,7,0,0,0,367,93,0,0,0,0,74,71,56,0,71,19,5,9,2,2016,2
1261,Femenino,0,6,0,0,0,382,84,0,0,0,0,73,72,76,0,79,6,5,9,3,2016,2
1262,Femenino,0,8,0,0,0,365,82,0,0,0,0,63,76,74,0,63,8,3,9,3,2016,3
1263,Masculino,0,16,0,0,0,371,74,0,0,0,0,67,71,84,0,77,7,5,9,2,2016,3
1264,Femenino,0,9,0,0,0,372,74,0,0,0,0,71,70,81,0,80,9,4,9,3,2016,1
1265,Femenino,0,8,0,0,0,367,82,0,0,0,0,69,71,67,0,88,8,3,9,2,2016,2
1266,Masculino,0,11,0,0,0,395,100,0,0,0,0,76,76,65,0,77,11,5,9,2,2016,3
1267,Femenino,0,4,0,0,0,368,82,0,0,0,0,65,79,70,0,70,4,4,9,3,2016,2
1268,Femenino,0,15,0,0,0,366,84,0,0,0,0,69,77,63,0,73,15,3,9,3,2016,2
1269,Masculino,0,20,0,0,0,362,82,0,0,0,0,74,65,70,0,67,4,4,9,3,2016,1
1270,Masculino,0,11,0,0,0,379,77,0,0,0,0,69,81,76,0,76,11,5,9,2,2016,2
1271,Masculino,0,5,0,0,0,367,80,0,0,0,0,71,71,74,0,67,5,6,9,1,2016,2
1272,Femenino,0,11,0,0,0,367,82,0,0,0,0,57,90,68,0,63,11,5,9,2,2016,1
1273,Femenino,0,8,0,0,0,356,78,0,0,0,0,61,76,68,0,77,8,3,9,3,2016,2
1274,Masculino,0,7,0,0,0,370,78,0,0,0,0,73,72,68,0,88,7,5,9,2,2016,1
1275,Femenino,0,8,0,0,0,362,84,0,0,0,0,63,74,68,0,73,8,3,9,2,2016,1
1276,Femenino,0,11,0,0,0,369,80,0,0,0,0,80,71,62,0,80,11,5,9,3,2016,1
1277,Femenino,0,6,0,0,0,372,90,0,0,0,0,62,78,66,0,79,6,5,9,3,2016,1
1278,Femenino,0,1,0,0,0,367,89,0,0,0,0,69,68,65,0,80,1,5,9,3,2016,2
1279,Femenino,0,2,0,0,0,380,87,0,0,0,0,67,74,76,0,76,13,1,9,4,2016,2
1280,Masculino,0,8,0,0,0,393,80,0,0,0,0,93,74,70,0,70,8,3,9,2,2016,3
1281,Femenino,0,11,0,0,0,354,78,0,0,0,0,65,80,57,0,80,11,5,9,3,2016,1
1282,Femenino,0,9,0,0,0,338,87,0,0,0,0,58,71,56,0,63,9,4,9,2,2016,1
1283,Masculino,0,10,0,0,0,375,70,0,0,0,0,80,70,76,0,88,20,6,9,2,2016,1
1284,Femenino,0,11,0,0,0,369,78,0,0,0,0,67,74,74,0,80,11,5,9,4,2016,1
1285,Masculino,0,12,0,0,0,371,84,0,0,0,0,76,64,70,0,82,12,3,9,3,2016,1
1286,Femenino,0,10,0,0,0,455,100,0,0,0,0,84,96,86,0,85,10,3,9,3,2016,1
1287,Femenino,1,8,1,19,5,438,71,71,66,61,62,62,57,63,58,54,8,3,9,2,2016,1
1288,Masculino,0,18,0,0,0,374,82,0,0,0,0,74,71,68,0,88,18,3,9,3,2016,3
1289,Femenino,0,9,0,0,0,373,84,0,0,0,0,71,71,72,0,77,9,4,9,2,2016,1
1290,Femenino,0,8,0,0,0,361,84,0,0,0,0,65,70,76,0,53,8,3,9,2,2016,1
1291,Femenino,2,20,1,22,28,497,75,75,80,76,71,71,61,65,69,83,11,5,9,2,2016,1
1292,Femenino,0,7,0,0,0,373,75,0,0,0,0,77,84,65,0,68,7,5,9,3,2016,2
1293,Masculino,0,15,0,0,0,347,90,0,0,0,0,53,69,68,0,63,15,3,9,3,2016,1
1294,Masculino,2,12,1,19,5,426,77,77,67,54,59,59,61,54,54,50,12,3,9,4,2016,2
1295,Femenino,0,8,0,0,0,352,82,0,0,0,0,62,73,70,0,54,8,3,9,2,2016,1
1296,Femenino,0,8,0,0,0,355,78,0,0,0,0,69,73,62,0,77,8,3,9,3,2016,2
1297,Femenino,0,11,0,0,0,352,80,0,0,0,0,67,79,60,0,58,11,5,9,2,2016,2
1298,Masculino,0,18,0,0,0,374,84,0,0,0,0,71,68,79,0,67,18,3,9,2,2016,2
1299,Masculino,0,17,0,0,0,355,87,0,0,0,0,60,71,68,0,64,16,2,9,3,2016,3
1300,Masculino,0,10,0,0,0,352,89,0,0,0,0,60,75,59,0,65,10,3,9,3,2016,2
1301,Femenino,0,10,0,0,0,385,85,0,0,0,0,72,73,77,0,79,10,3,9,3,2016,2
1302,Masculino,0,8,0,0,0,374,77,0,0,0,0,77,79,66,0,76,8,3,9,3,2016,2
1303,Femenino,0,10,0,0,0,387,92,0,0,0,0,60,87,74,0,67,10,3,9,2,2016,1
1304,Femenino,0,10,0,0,0,356,76,0,0,0,0,62,76,70,0,73,10,3,9,3,2016,1
1305,Femenino,0,3,0,0,0,351,83,0,0,0,0,58,70,68,0,76,5,6,9,2,2016,2
1306,Femenino,0,20,0,0,0,357,84,0,0,0,0,62,67,70,0,79,20,6,9,3,2016,2
1307,Femenino,1,10,1,19,5,443,65,65,99,56,62,62,57,56,48,43,10,3,9,2,2016,2
1308,Femenino,2,11,1,19,5,443,65,65,80,59,60,60,64,65,50,68,11,5,9,2,2016,2
1309,Masculino,0,9,0,0,0,342,84,0,0,0,0,57,76,58,0,64,10,3,9,2,2016,2
1310,Femenino,0,11,0,0,0,348,84,0,0,0,0,60,71,68,0,55,11,5,9,3,2016,2
1311,Femenino,0,15,0,0,0,403,90,0,0,0,0,80,74,74,0,94,8,3,9,3,2016,2
1312,Masculino,0,13,0,0,0,359,84,0,0,0,0,69,67,63,0,85,8,3,9,4,2016,2
1313,Femenino,0,10,0,0,0,360,82,0,0,0,0,67,73,65,0,74,8,3,9,3,2016,1
1314,Femenino,0,9,0,0,0,382,100,0,0,0,0,63,74,68,0,79,9,4,9,3,2016,2
1315,Femenino,0,5,0,0,0,372,80,0,0,0,0,74,74,65,0,88,6,5,9,3,2016,1
1316,Masculino,0,1,0,0,0,355,84,0,0,0,0,63,67,65,0,85,11,5,9,2,2016,2
1317,Femenino,1,20,1,46,25,436,68,68,72,64,61,61,60,50,61,69,11,5,9,2,2016,2
1318,Femenino,0,10,0,0,0,381,78,0,0,0,0,71,76,76,0,88,10,3,9,3,2016,1
1319,Masculino,0,11,0,0,0,378,80,0,0,0,0,74,73,76,0,74,11,5,9,2,2016,1
1320,Femenino,0,7,0,0,0,380,87,0,0,0,0,67,81,70,0,74,8,3,9,2,2016,3
1321,Masculino,0,11,0,0,0,371,80,0,0,0,0,71,76,65,0,88,11,5,9,3,2016,2
1322,Femenino,2,17,1,19,5,517,87,87,93,78,63,63,74,64,58,46,8,3,9,2,2016,2
1323,Masculino,0,16,0,0,0,383,76,0,0,0,0,80,76,72,0,85,16,2,9,3,2016,2
1324,Masculino,0,4,0,0,0,381,84,0,0,0,0,77,74,68,0,82,18,3,9,3,2016,1
1325,Femenino,0,11,0,0,0,382,78,0,0,0,0,73,76,79,0,76,11,5,9,3,2016,2
1326,Femenino,0,18,0,0,0,366,93,0,0,0,0,62,76,65,0,64,3,1,9,2,2016,2
1327,Femenino,0,1,0,0,0,372,74,0,0,0,0,67,73,84,0,73,1,5,9,3,2016,3
1328,Masculino,2,20,1,154,14,423,86,86,63,55,58,58,58,55,48,52,2,1,9,3,2016,1
1329,Femenino,0,6,0,0,0,371,80,0,0,0,0,71,76,67,0,82,8,3,9,2,2016,1
1330,Femenino,0,6,0,0,0,316,63,0,0,0,0,62,67,68,0,41,18,3,7,3,2016,2
1331,Femenino,0,8,0,0,0,289,68,0,0,0,0,47,57,62,0,49,8,3,7,2,2016,2
1332,Femenino,1,8,1,19,5,412,67,67,55,61,59,59,55,58,57,63,7,5,4,2,2016,1
1333,Masculino,0,8,0,0,0,349,79,0,0,0,0,67,63,74,0,59,8,3,4,2,2016,2
1334,Femenino,0,19,0,0,0,311,68,0,0,0,0,61,66,58,0,49,5,6,7,2,2016,1
1335,Masculino,0,20,0,0,0,285,54,0,0,0,0,54,58,61,0,60,7,5,7,2,2016,3
1336,Masculino,1,20,1,180,15,382,52,52,53,56,48,48,59,52,62,47,7,5,7,2,2016,1
1337,Femenino,0,1,0,0,0,292,65,0,0,0,0,58,54,58,0,55,5,6,5,2,2016,2
1338,Masculino,0,1,0,0,0,289,60,0,0,0,0,63,56,53,0,55,8,3,5,2,2016,1
1339,Masculino,0,20,0,0,0,292,53,0,0,0,0,63,64,59,0,42,20,6,5,0,2016,1
1340,Femenino,0,10,0,0,0,358,81,0,0,0,0,66,68,72,0,70,10,3,9,3,2016,2
1341,Femenino,0,11,0,0,0,351,78,0,0,0,0,67,70,63,0,79,11,5,9,2,2016,2
1342,Femenino,0,4,0,0,0,358,74,0,0,0,0,67,74,72,0,70,8,3,9,2,2016,1
1343,Femenino,0,17,0,0,0,353,78,0,0,0,0,63,71,70,0,73,7,5,9,2,2016,3
1344,Femenino,0,3,0,0,0,356,78,0,0,0,0,71,70,67,0,68,8,3,9,3,2016,2
1345,Femenino,0,11,0,0,0,349,75,0,0,0,0,65,75,64,0,70,11,5,9,3,2016,2
1346,Femenino,0,12,0,0,0,363,76,0,0,0,0,67,71,78,0,68,11,5,9,2,2016,2
1347,Femenino,0,9,0,0,0,344,82,0,0,0,0,55,74,65,0,67,9,4,9,3,2016,1
1348,Femenino,0,9,0,0,0,361,80,0,0,0,0,69,66,72,0,77,9,4,9,2,2016,2
1349,Masculino,0,10,0,0,0,356,79,0,0,0,0,71,67,67,0,74,10,3,9,3,2016,2
1350,Femenino,0,11,0,0,0,356,72,0,0,0,0,67,76,67,0,79,11,5,9,2,2016,2
1351,Femenino,0,10,0,0,0,350,82,0,0,0,0,61,68,67,0,77,10,3,9,2,2016,2
1352,Femenino,0,20,0,0,0,361,74,0,0,0,0,62,74,78,0,74,20,6,9,3,2016,2
1353,Femenino,0,12,0,0,0,361,78,0,0,0,0,76,67,74,0,54,12,3,9,3,2016,1
1354,Femenino,0,1,0,0,0,358,70,0,0,0,0,71,78,72,0,57,1,5,9,3,2016,2
1355,Femenino,0,20,0,0,0,356,70,0,0,0,0,80,76,65,0,53,20,6,9,3,2016,2
1356,Femenino,0,16,0,0,0,358,81,0,0,0,0,71,66,68,0,73,16,2,9,3,2016,2
1357,Femenino,0,9,0,0,0,371,74,0,0,0,0,85,66,72,0,74,9,4,9,3,2016,2
1358,Femenino,0,1,0,0,0,350,77,0,0,0,0,63,73,65,0,77,1,5,9,2,2016,2
1359,Femenino,0,7,0,0,0,352,78,0,0,0,0,67,72,65,0,68,7,5,9,2,2016,2
1360,Femenino,2,7,1,19,5,428,77,77,57,61,61,61,59,68,45,45,7,5,9,2,2016,1
1361,Femenino,2,8,1,19,5,408,79,79,59,54,62,62,49,59,46,57,8,3,9,3,2016,2
1362,Femenino,1,1,1,19,5,415,81,81,60,55,54,54,56,61,46,57,1,5,9,2,2016,2
1363,Femenino,0,7,0,0,0,346,76,0,0,0,0,69,74,62,0,57,7,5,9,2,2016,1
1364,Femenino,0,8,0,0,0,347,80,0,0,0,0,62,70,70,0,57,8,3,9,2,2016,2
1365,Femenino,0,8,0,0,0,354,77,0,0,0,0,71,69,68,0,65,8,3,9,3,2016,2
1366,Masculino,0,8,0,0,0,358,74,0,0,0,0,73,71,72,0,60,8,3,9,2,2016,2
1367,Femenino,0,10,0,0,0,351,76,0,0,0,0,65,73,68,0,67,10,3,9,3,2016,2
1368,Femenino,0,20,0,0,0,357,72,0,0,0,0,71,71,68,0,82,10,3,9,3,2016,2
1369,Femenino,0,20,0,0,0,353,74,0,0,0,0,71,71,65,0,74,20,6,9,2,2016,2
1370,Femenino,0,10,0,0,0,413,100,0,0,0,0,80,75,76,0,82,10,3,9,3,2016,2
1371,Femenino,0,20,0,0,0,382,90,0,0,0,0,80,68,72,0,63,8,3,9,2,2016,1
1372,Femenino,0,9,0,0,0,366,87,0,0,0,0,69,69,67,0,75,9,4,9,3,2016,2
1373,Femenino,0,6,0,0,0,368,81,0,0,0,0,69,74,71,0,71,6,5,9,3,2016,1
1374,Femenino,0,1,0,0,0,369,80,0,0,0,0,71,73,70,0,77,1,5,9,3,2016,2
1375,Femenino,0,6,0,0,0,367,74,0,0,0,0,72,77,70,0,75,6,5,9,2,2016,2
1376,Femenino,0,8,0,0,0,360,77,0,0,0,0,67,73,68,0,80,19,5,9,2,2016,1
1377,Femenino,0,19,0,0,0,351,88,0,0,0,0,60,65,64,0,82,19,5,9,1,2016,1
1378,Masculino,0,13,0,0,0,357,78,0,0,0,0,69,71,68,0,70,2,1,9,3,2016,2
1379,Masculino,0,20,0,0,0,354,84,0,0,0,0,69,66,67,0,62,10,3,9,2,2016,2
1380,Femenino,0,4,0,0,0,362,70,0,0,0,0,72,75,75,0,66,7,5,9,2,2016,2
1381,Femenino,0,10,0,0,0,351,78,0,0,0,0,71,71,63,0,64,10,3,9,3,2016,2
1382,Femenino,0,8,0,0,0,357,80,0,0,0,0,63,67,78,0,64,8,3,9,2,2016,2
1383,Femenino,0,11,0,0,0,354,74,0,0,0,0,67,73,72,0,62,11,5,9,2,2016,1
1384,Masculino,0,11,0,0,0,347,81,0,0,0,0,65,70,71,0,42,11,5,9,3,2016,1
1385,Masculino,0,1,0,0,0,362,73,0,0,0,0,68,70,77,0,77,1,5,9,4,2016,2
1386,Femenino,0,20,0,0,0,357,72,0,0,0,0,65,72,72,0,85,20,6,9,2,2016,1
1387,Femenino,0,4,0,0,0,353,75,0,0,0,0,63,70,72,0,77,4,4,9,2,2016,2
1388,Masculino,0,17,0,0,0,352,67,0,0,0,0,73,78,72,0,44,17,2,9,2,2016,2
1389,Femenino,0,12,0,0,0,338,84,0,0,0,0,64,67,62,0,49,11,5,9,3,2016,2
1390,Masculino,0,8,0,0,0,349,70,0,0,0,0,63,74,65,0,91,8,3,9,3,2016,2
1391,Masculino,0,20,0,0,0,346,76,0,0,0,0,67,70,65,0,65,14,2,9,3,2016,1
1392,Femenino,0,20,0,0,0,342,76,0,0,0,0,63,71,62,0,74,20,6,9,2,2016,2
1393,Femenino,0,11,0,0,0,330,82,0,0,0,0,57,71,57,0,58,11,5,9,3,2016,1
1394,Femenino,0,10,0,0,0,357,65,0,0,0,0,71,74,72,0,82,10,3,9,3,2016,1
1395,Femenino,0,20,0,0,0,283,62,0,0,0,0,51,58,56,0,55,7,5,7,2,2016,1
1396,Femenino,0,10,0,0,0,351,74,0,0,0,0,65,67,72,0,79,10,3,9,2,2016,2
1397,Femenino,0,16,0,0,0,338,78,0,0,0,0,56,70,66,0,68,8,3,9,2,2016,1
1398,Femenino,0,20,0,0,0,344,74,0,0,0,0,66,70,67,0,64,20,6,9,3,2016,2
1399,Masculino,0,1,0,0,0,335,70,0,0,0,0,54,79,65,0,67,11,5,9,2,2016,2
1400,Femenino,0,7,0,0,0,348,74,0,0,0,0,65,68,74,0,63,8,3,9,3,2016,2
1401,Masculino,0,20,0,0,0,348,70,0,0,0,0,64,72,75,0,61,13,1,9,4,2016,2
1402,Femenino,0,8,0,0,0,350,68,0,0,0,0,73,71,74,0,52,7,5,9,2,2016,1
1403,Masculino,0,1,0,0,0,347,72,0,0,0,0,71,67,70,0,63,1,5,9,1,2016,2
1404,Femenino,0,7,0,0,0,347,72,0,0,0,0,67,67,74,0,63,7,5,9,2,2016,2
1405,Femenino,0,10,0,0,0,338,68,0,0,0,0,62,75,66,0,65,10,3,9,2,2016,2
1406,Femenino,0,10,0,0,0,352,65,0,0,0,0,67,72,79,0,65,8,3,9,2,2016,2
1407,Femenino,0,8,0,0,0,337,69,0,0,0,0,67,73,64,0,57,8,3,9,3,2016,2
1408,Masculino,0,10,0,0,0,349,65,0,0,0,0,67,72,76,0,68,10,3,9,3,2016,2
1409,Femenino,0,20,0,0,0,340,74,0,0,0,0,63,66,66,0,77,20,6,9,2,2016,2
1410,Femenino,0,20,0,0,0,328,74,0,0,0,0,62,71,60,0,53,20,6,9,2,2016,1
1411,Femenino,0,11,0,0,0,319,82,0,0,0,0,53,68,56,0,53,11,5,9,2,2016,1
1412,Femenino,0,8,0,0,0,328,78,0,0,0,0,65,67,60,0,44,8,3,9,2,2016,1
1413,Masculino,0,14,0,0,0,335,70,0,0,0,0,63,71,62,0,73,8,3,9,3,2016,2
1414,Femenino,0,10,0,0,0,337,66,0,0,0,0,57,76,73,0,61,12,3,9,3,2016,2
1415,Femenino,0,20,0,0,0,338,78,0,0,0,0,71,61,63,0,60,20,6,9,2,2016,2
1416,Masculino,0,11,0,0,0,330,75,0,0,0,0,69,67,57,0,54,11,5,9,2,2016,2
1417,Femenino,0,10,0,0,0,345,66,0,0,0,0,75,69,67,0,65,10,3,9,3,2016,2
1418,Masculino,0,14,0,0,0,342,72,0,0,0,0,69,65,73,0,53,7,5,9,2,2016,2
1419,Femenino,0,18,0,0,0,382,100,0,0,0,0,64,81,67,0,58,1,5,9,2,2016,2
1420,Femenino,0,9,0,0,0,337,89,0,0,0,0,50,63,72,0,53,9,4,7,2,2016,2
1421,Femenino,0,11,0,0,0,320,76,0,0,0,0,56,65,60,0,60,11,5,9,3,2016,2
1422,Femenino,0,20,0,0,0,315,82,0,0,0,0,47,66,63,0,46,20,6,9,2,2016,2
1423,Femenino,0,3,0,0,0,323,87,0,0,0,0,57,56,59,0,63,13,1,9,3,2016,2
1424,Femenino,0,10,0,0,0,341,68,0,0,0,0,63,68,70,0,79,10,3,9,3,2016,2
1425,Femenino,0,18,0,0,0,333,72,0,0,0,0,62,65,70,0,58,18,3,9,2,2016,2
1426,Femenino,0,8,0,0,0,337,76,0,0,0,0,63,63,72,0,53,8,3,9,2,2016,2
1427,Masculino,0,5,0,0,0,319,72,0,0,0,0,60,69,55,0,61,5,6,9,2,2016,2
1428,Femenino,0,16,0,0,0,339,68,0,0,0,0,63,70,72,0,62,16,2,9,3,2016,2
1429,Femenino,2,6,1,19,5,395,65,65,56,65,58,58,49,52,50,46,18,3,9,2,2016,2
1430,Masculino,0,10,0,0,0,326,70,0,0,0,0,58,68,62,0,73,10,3,9,3,2016,2
1431,Masculino,0,20,0,0,0,331,77,0,0,0,0,63,60,61,0,77,20,6,9,1,2016,2
1432,Femenino,0,20,0,0,0,325,74,0,0,0,0,60,67,64,0,49,7,5,9,2,2016,2
1433,Femenino,0,7,0,0,0,322,73,0,0,0,0,57,67,61,0,62,7,5,9,2,2016,2
1434,Femenino,0,11,0,0,0,326,84,0,0,0,0,57,60,62,0,58,11,5,9,2,2016,2
1435,Femenino,0,16,0,0,0,339,67,0,0,0,0,60,70,70,0,80,16,2,9,3,2016,1
1436,Femenino,0,20,0,0,0,334,68,0,0,0,0,62,69,71,0,59,11,5,9,3,2016,1
1437,Femenino,0,20,0,0,0,328,80,0,0,0,0,58,62,65,0,59,20,6,9,3,2016,2
1438,Femenino,0,9,0,0,0,332,67,0,0,0,0,63,74,64,0,59,9,4,9,3,2016,2
1439,Masculino,0,8,0,0,0,327,84,0,0,0,0,58,57,59,0,77,8,3,9,2,2016,2
1440,Masculino,0,1,0,0,0,333,69,0,0,0,0,61,67,68,0,71,1,5,9,2,2016,2
1441,Femenino,0,20,0,0,0,323,67,0,0,0,0,62,76,57,0,55,20,6,9,3,2016,2
1442,Femenino,0,8,0,0,0,331,78,0,0,0,0,60,62,68,0,57,8,3,9,2,2016,1
1443,Femenino,0,10,0,0,0,330,72,0,0,0,0,62,70,63,0,58,10,3,9,2,2016,1
1444,Masculino,0,20,0,0,0,337,76,0,0,0,0,62,62,71,0,62,20,6,9,2,2016,2
1445,Femenino,0,20,0,0,0,346,63,0,0,0,0,69,69,74,0,74,20,6,9,2,2016,1
1446,Masculino,0,11,0,0,0,283,52,0,0,0,0,55,52,64,0,67,11,5,7,2,2016,1
1447,Masculino,2,7,1,19,5,385,55,55,62,51,60,60,49,52,56,43,7,5,4,2,2016,1
1448,Femenino,0,20,0,0,0,339,72,0,0,0,0,63,74,67,0,53,20,6,4,0,2016,2
1449,Masculino,2,18,1,19,5,429,71,71,59,65,64,64,55,53,62,66,4,4,7,2,2016,1
1450,Femenino,0,20,0,0,0,313,74,0,0,0,0,63,57,62,0,46,7,5,7,2,2016,2
1451,Femenino,2,11,1,19,5,361,50,50,59,52,54,54,55,54,37,37,11,5,5,2,2016,2
1452,Femenino,0,6,0,0,0,293,61,0,0,0,0,58,55,65,0,44,19,5,5,2,2016,2
1453,Femenino,1,20,1,126,15,397,74,74,55,51,52,52,54,61,50,50,20,6,9,1,2016,2
1454,Femenino,2,8,1,19,5,431,65,65,62,66,62,62,55,65,56,54,8,3,9,2,2016,1
1455,Femenino,1,20,1,180,15,473,73,73,70,67,67,67,68,63,65,94,8,3,9,3,2016,2
1456,Masculino,2,20,1,121,18,474,74,74,74,69,54,54,83,64,56,63,20,6,9,2,2016,1
1457,Masculino,2,8,1,19,5,405,52,52,66,54,58,58,53,57,65,52,8,3,9,2,2016,2
1458,Femenino,2,8,1,19,5,408,70,70,61,57,48,48,63,61,48,57,20,6,9,2,2016,2
1459,Femenino,2,20,1,180,15,416,75,75,66,54,59,59,51,58,53,75,10,3,9,3,2016,2
1460,Femenino,2,10,3,19,5,410,57,57,63,54,63,63,55,65,53,46,10,3,9,3,2016,1
1461,Femenino,1,20,1,179,29,425,68,68,70,48,60,60,53,57,69,74,11,5,9,3,2016,1
1462,Femenino,2,6,1,19,5,382,60,60,66,61,52,52,54,53,36,43,19,5,9,2,2016,1
1463,Femenino,0,7,0,0,0,355,80,0,0,0,0,66,66,71,0,73,7,5,9,2,2016,2
1464,Femenino,0,20,0,0,0,339,72,0,0,0,0,65,68,68,0,63,20,6,9,3,2016,1
1465,Femenino,0,7,0,0,0,335,80,0,0,0,0,64,66,64,0,49,20,6,9,2,2016,2
1466,Masculino,0,20,0,0,0,343,67,0,0,0,0,71,69,68,0,68,20,6,9,2,2016,1
1467,Femenino,0,8,0,0,0,364,63,0,0,0,0,77,76,72,0,82,8,3,9,3,2016,1
1468,Femenino,0,12,0,0,0,342,76,0,0,0,0,62,66,67,0,77,12,3,9,3,2016,3
1469,Masculino,0,10,0,0,0,348,62,0,0,0,0,71,78,68,0,68,10,3,9,3,2016,3
1470,Masculino,0,1,0,0,0,349,79,0,0,0,0,64,67,72,0,61,1,5,9,2,2016,3
1471,Femenino,0,11,0,0,0,342,78,0,0,0,0,58,74,62,0,74,10,3,9,2,2016,2
1472,Femenino,0,14,0,0,0,332,70,0,0,0,0,55,78,65,0,59,3,1,9,2,2016,3
1473,Femenino,0,7,0,0,0,379,67,0,0,0,0,92,78,67,0,73,7,5,9,2,2016,1
1474,Masculino,0,16,0,0,0,345,84,0,0,0,0,60,66,67,0,67,16,2,9,3,2016,2
1475,Femenino,0,8,0,0,0,340,65,0,0,0,0,67,76,66,0,62,8,3,9,3,2016,2
1476,Masculino,0,20,0,0,0,334,77,0,0,0,0,65,69,59,0,58,20,6,9,2,2016,3
1477,Masculino,0,8,0,0,0,349,78,0,0,0,0,67,65,68,0,74,8,3,9,2,2016,3
1478,Femenino,0,4,0,0,0,352,82,0,0,0,0,58,76,71,0,53,4,4,9,3,2016,3
1479,Femenino,0,20,0,0,0,330,75,0,0,0,0,55,74,61,0,64,20,6,9,1,2016,1
1480,Femenino,0,12,0,0,0,388,81,0,0,0,0,67,81,76,0,95,11,5,9,3,2016,1
1481,Masculino,0,16,0,0,0,350,68,0,0,0,0,74,68,74,0,58,16,2,9,3,2016,1
1482,Masculino,0,15,0,0,0,347,71,0,0,0,0,69,72,65,0,70,8,3,9,3,2016,3
1483,Femenino,0,10,0,0,0,342,67,0,0,0,0,69,72,71,0,53,11,5,9,3,2016,2
1484,Masculino,0,20,0,0,0,410,93,0,0,0,0,73,83,74,0,97,20,6,9,3,2016,3
1485,Femenino,0,10,0,0,0,370,72,0,0,0,0,75,72,80,0,65,10,3,9,2,2016,2
1486,Masculino,0,15,0,0,0,365,88,0,0,0,0,64,61,81,0,67,5,6,9,2,2016,2
1487,Masculino,0,20,0,0,0,328,67,0,0,0,0,66,70,61,0,61,20,6,4,1,2016,1
1488,Masculino,0,20,0,0,0,320,64,0,0,0,0,64,67,64,0,55,20,6,2,1,2016,2
1489,Femenino,0,20,0,0,0,288,55,0,0,0,0,53,60,63,0,57,20,6,7,3,2016,2
1490,Femenino,0,20,0,0,0,318,70,0,0,0,0,62,73,57,0,41,20,6,9,2,2016,2
1491,Masculino,2,10,1,19,5,453,83,83,56,66,56,56,62,68,62,66,10,3,9,3,2016,2
1492,Femenino,2,20,1,57,6,412,60,60,66,50,64,64,49,61,62,46,11,5,9,3,2016,3
1493,Femenino,0,9,0,0,0,408,64,64,62,59,52,52,54,58,59,61,9,4,9,2,2016,2
1494,Femenino,2,9,1,19,5,422,75,75,56,65,67,67,59,52,48,54,9,4,9,3,2016,3
1495,Femenino,1,11,1,19,5,419,63,63,70,52,58,58,67,59,50,57,8,3,9,2,2016,2
1496,Femenino,1,16,1,19,5,490,98,98,87,59,60,60,64,66,56,56,19,5,9,1,2016,1
1497,Masculino,1,8,1,19,5,408,68,68,50,66,62,62,49,57,56,57,8,3,9,2,2016,2
1498,Femenino,1,4,1,19,5,422,71,71,53,61,60,60,53,59,65,59,4,4,9,2,2016,2
1499,Masculino,0,19,0,0,0,291,84,84,0,0,66,66,67,0,0,0,19,5,11,2,2016,2
1500,Femenino,0,7,0,0,0,429,75,75,69,59,55,55,58,0,55,0,7,5,11,2,2016,3
1501,Femenino,0,11,0,0,0,270,82,82,0,0,66,66,64,0,0,0,11,5,11,2,2016,2
1502,Femenino,0,16,0,0,0,355,67,0,0,0,0,69,78,74,0,59,8,3,9,3,2017,2
1503,Femenino,0,1,0,0,0,366,77,0,0,0,0,74,74,68,0,74,1,5,9,3,2017,2
1504,Femenino,0,6,0,0,0,347,79,0,0,0,0,69,67,66,0,60,20,6,9,3,2017,1
1505,Masculino,0,13,0,0,0,355,74,0,0,0,0,71,66,69,0,83,8,3,9,3,2017,2
1506,Masculino,0,11,0,0,0,375,77,0,0,0,0,76,75,76,0,64,11,5,9,3,2017,2
1507,Masculino,0,15,0,0,0,368,72,0,0,0,0,72,72,70,0,100,4,4,9,2,2017,2
1508,Masculino,1,16,1,19,5,428,65,65,74,59,56,56,59,57,58,39,7,5,9,2,2017,2
1509,Masculino,0,2,0,0,0,294,58,0,0,0,0,63,60,58,0,48,5,6,7,2,2017,1
1510,Femenino,0,16,0,0,0,342,86,0,0,0,0,62,66,59,0,70,8,3,9,3,2017,2
1511,Femenino,1,20,1,139,18,478,78,78,74,70,60,60,65,72,59,50,20,6,9,1,2017,1
1512,Femenino,0,20,0,0,0,350,83,0,0,0,0,67,70,62,0,63,7,5,9,2,2017,1
1513,Masculino,0,10,0,0,0,356,74,0,0,0,0,70,71,69,0,73,12,3,9,3,2017,2
1514,Masculino,0,16,0,0,0,349,72,0,0,0,0,74,69,64,0,70,8,3,9,2,2017,2
1515,Masculino,0,3,0,0,0,351,71,0,0,0,0,74,70,68,0,64,3,1,9,2,2017,2
1516,Masculino,0,19,0,0,0,353,73,0,0,0,0,72,68,67,0,77,19,5,9,2,2017,2
1517,Masculino,0,11,0,0,0,392,81,0,0,0,0,82,77,74,0,77,20,6,9,2,2017,2
1518,Femenino,0,4,0,0,0,338,75,0,0,0,0,58,73,65,0,68,4,4,9,3,2017,2
1519,Masculino,0,2,0,0,0,366,73,0,0,0,0,72,74,72,0,80,2,1,9,4,2017,2
1520,Masculino,0,20,0,0,0,342,78,0,0,0,0,64,74,60,0,62,9,4,9,3,2017,2
1521,Femenino,0,20,0,0,0,369,76,0,0,0,0,76,77,66,0,75,20,6,9,1,2017,2
1522,Masculino,0,11,0,0,0,354,72,0,0,0,0,73,70,69,0,69,11,5,9,2,2017,2
1523,Masculino,0,7,0,0,0,357,68,0,0,0,0,72,74,67,0,84,8,3,9,3,2017,1
1524,Femenino,0,10,0,0,0,344,76,0,0,0,0,61,73,68,0,64,10,3,9,2,2017,2
1525,Femenino,0,3,0,0,0,350,74,0,0,0,0,68,69,66,0,80,16,2,9,3,2017,1
1526,Femenino,0,4,0,0,0,366,78,0,0,0,0,70,73,73,0,70,7,5,9,2,2017,2
1527,Masculino,0,16,0,0,0,359,74,0,0,0,0,75,71,66,0,75,16,2,9,3,2017,2
1528,Femenino,0,20,0,0,0,341,71,0,0,0,0,66,74,60,0,74,20,6,9,2,2017,2
1529,Masculino,0,14,0,0,0,357,74,0,0,0,0,69,72,69,0,75,16,2,9,3,2017,2
1530,Femenino,0,20,0,0,0,355,73,0,0,0,0,78,66,69,0,66,20,6,9,2,2017,2
1531,Masculino,0,14,0,0,0,364,85,0,0,0,0,66,72,69,0,71,18,3,9,3,2017,2
1532,Femenino,0,4,0,0,0,358,75,0,0,0,0,71,70,70,0,72,4,4,9,2,2017,2
1533,Femenino,0,20,0,0,0,352,75,0,0,0,0,69,70,64,0,82,20,6,9,3,2017,2
1534,Femenino,0,1,0,0,0,357,78,0,0,0,0,67,72,68,0,74,10,3,9,3,2017,2
1535,Masculino,0,7,0,0,0,348,73,0,0,0,0,66,72,64,0,79,8,3,9,3,2017,2
1536,Femenino,0,2,0,0,0,353,74,0,0,0,0,71,67,70,0,72,10,3,9,3,2017,2
1537,Femenino,0,7,0,0,0,344,75,0,0,0,0,70,70,60,0,69,8,3,9,3,2017,2
1538,Femenino,0,7,0,0,0,356,70,0,0,0,0,69,70,78,0,69,8,3,9,2,2017,1
1539,Femenino,0,10,0,0,0,351,72,0,0,0,0,71,71,65,0,74,10,3,9,3,2017,1
1540,Femenino,0,9,0,0,0,357,79,0,0,0,0,66,66,73,0,75,9,4,9,3,2017,2
1541,Femenino,0,8,0,0,0,373,77,0,0,0,0,72,69,77,0,83,8,3,9,3,2017,1
1542,Femenino,0,20,0,0,0,366,71,0,0,0,0,74,74,74,0,73,20,6,9,1,2017,2
1543,Femenino,0,9,0,0,0,339,73,0,0,0,0,65,73,60,0,68,9,4,9,2,2017,1
1544,Femenino,0,20,0,0,0,371,79,0,0,0,0,73,71,73,0,79,20,6,9,2,2017,2
1545,Femenino,0,20,0,0,0,354,72,0,0,0,0,68,72,71,0,69,20,6,9,3,2017,2
1546,Femenino,0,9,0,0,0,354,78,0,0,0,0,67,63,74,0,74,9,4,9,4,2017,2
1547,Femenino,0,16,0,0,0,345,74,0,0,0,0,66,77,63,0,58,16,2,9,3,2017,2
1548,Masculino,0,20,0,0,0,354,72,0,0,0,0,67,73,70,0,71,20,6,9,3,2017,3
1549,Femenino,0,10,0,0,0,359,75,0,0,0,0,74,73,67,0,66,10,3,9,3,2017,1
1550,Masculino,0,20,0,0,0,373,79,0,0,0,0,69,79,72,0,72,20,6,9,3,2017,2
1551,Femenino,0,8,0,0,0,362,77,0,0,0,0,78,67,71,0,62,8,3,9,2,2017,2
1552,Masculino,0,10,0,0,0,350,75,0,0,0,0,67,67,69,0,74,5,6,9,2,2017,1
1553,Femenino,0,15,0,0,0,356,71,0,0,0,0,65,72,79,0,62,18,3,9,3,2017,1
1554,Femenino,0,15,0,0,0,355,72,0,0,0,0,66,71,75,0,70,16,2,9,3,2017,1
1555,Femenino,0,9,0,0,0,349,79,0,0,0,0,65,68,67,0,72,9,4,9,2,2017,2
1556,Femenino,0,20,0,0,0,355,69,0,0,0,0,73,71,71,0,67,20,6,9,2,2017,2
1557,Femenino,0,10,0,0,0,366,80,0,0,0,0,67,72,77,0,63,10,3,9,2,2017,2
1558,Femenino,0,20,0,0,0,339,72,0,0,0,0,68,61,70,0,72,20,6,4,2,2017,1
1559,Masculino,0,20,0,0,0,351,75,0,0,0,0,73,69,65,0,63,20,6,9,2,2017,2
1560,Masculino,0,9,0,0,0,361,75,0,0,0,0,67,76,70,0,73,9,4,9,3,2017,2
1561,Femenino,0,4,0,0,0,354,74,0,0,0,0,69,68,70,0,78,4,4,9,3,2017,2
1562,Femenino,0,6,0,0,0,304,69,0,0,0,0,55,60,61,0,55,7,5,5,2,2017,2
1563,Femenino,1,8,1,19,5,439,68,68,65,70,62,62,68,50,56,54,8,3,9,2,2017,2
1564,Masculino,0,20,0,0,0,362,73,0,0,0,0,75,71,70,0,71,20,6,9,3,2017,2
1565,Femenino,0,8,0,0,0,347,79,0,0,0,0,62,66,68,0,77,8,3,9,2,2017,1
1566,Femenino,0,13,0,0,0,372,78,0,0,0,0,73,69,81,0,64,20,6,9,2,2017,3
1567,Masculino,0,1,0,0,0,360,70,0,0,0,0,65,70,73,0,100,11,5,9,4,2017,1
1568,Femenino,0,9,0,0,0,357,74,0,0,0,0,68,70,74,0,69,9,4,9,3,2017,2
1569,Femenino,0,14,0,0,0,364,75,0,0,0,0,67,79,74,0,62,18,3,9,2,2017,2
1570,Femenino,0,17,0,0,0,352,69,0,0,0,0,63,77,73,0,70,8,3,9,3,2017,1
1571,Masculino,0,18,0,0,0,316,55,0,0,0,0,70,66,63,0,64,19,5,7,1,2017,2
1572,Masculino,0,6,0,0,0,341,80,0,0,0,0,64,67,65,0,59,6,5,9,3,2017,2
1573,Masculino,0,1,0,0,0,374,80,0,0,0,0,79,68,72,0,74,1,5,9,4,2017,1
1574,Masculino,0,14,0,0,0,354,66,0,0,0,0,68,74,72,0,83,19,5,9,2,2017,2
1575,Femenino,0,14,0,0,0,361,75,0,0,0,0,74,73,70,0,63,8,3,9,2,2017,2
1576,Femenino,0,10,0,0,0,394,94,0,0,0,0,71,79,74,0,71,20,6,9,1,2017,2
1577,Masculino,0,1,0,0,0,347,75,0,0,0,0,65,70,65,0,75,1,5,9,3,2017,2
1578,Masculino,0,7,0,0,0,349,73,0,0,0,0,69,68,68,0,74,18,3,9,3,2017,2
1579,Femenino,0,10,0,0,0,356,68,0,0,0,0,65,80,65,0,91,10,3,9,2,2017,1
1580,Femenino,0,9,0,0,0,340,80,0,0,0,0,62,67,66,0,60,20,6,9,1,2017,2
1581,Femenino,0,7,0,0,0,348,80,0,0,0,0,67,66,67,0,66,7,5,9,2,2017,1
1582,Femenino,0,20,0,0,0,300,59,0,0,0,0,59,64,59,0,59,20,6,5,3,2017,1
1583,Femenino,0,18,0,0,0,366,71,0,0,0,0,71,74,69,0,100,18,3,9,3,2017,1
1584,Masculino,0,20,0,0,0,347,77,0,0,0,0,65,68,69,0,67,20,6,9,2,2017,2
1585,Femenino,0,9,0,0,0,366,76,0,0,0,0,71,71,74,0,77,9,4,9,2,2017,1
1586,Femenino,0,10,0,0,0,361,74,0,0,0,0,74,75,68,0,66,10,3,9,3,2017,1
1587,Masculino,0,9,0,0,0,359,77,0,0,0,0,69,71,74,0,59,8,3,9,2,2017,2
1588,Femenino,2,16,1,19,5,451,78,78,59,70,65,65,62,63,54,52,8,3,9,2,2017,1
1589,Masculino,0,8,0,0,0,358,68,0,0,0,0,75,71,70,0,81,8,3,9,2,2017,2
1590,Femenino,0,20,0,0,0,343,80,0,0,0,0,60,66,69,0,67,20,6,9,2,2017,1
1591,Masculino,0,14,0,0,0,362,75,0,0,0,0,78,68,70,0,70,16,2,9,3,2017,3
1592,Masculino,0,20,0,0,0,342,77,0,0,0,0,63,75,59,0,68,5,6,9,2,2017,3
1593,Femenino,0,10,0,0,0,354,79,0,0,0,0,71,70,65,0,63,10,3,9,3,2017,2
1594,Femenino,0,12,0,0,0,350,77,0,0,0,0,78,69,60,0,62,12,3,9,3,2017,2
1595,Masculino,0,4,0,0,0,348,72,0,0,0,0,69,72,66,0,66,4,4,9,3,2017,1
1596,Femenino,0,8,0,0,0,360,72,0,0,0,0,69,73,76,0,64,8,3,9,3,2017,1
1597,Femenino,0,8,0,0,0,382,85,0,0,0,0,75,74,70,0,79,16,2,9,3,2017,3
1598,Femenino,0,18,0,0,0,356,76,0,0,0,0,63,71,73,0,74,10,3,9,4,2017,1
1599,Masculino,0,10,0,0,0,344,74,0,0,0,0,66,71,66,0,65,10,3,9,2,2017,2
1600,Femenino,0,7,0,0,0,358,73,0,0,0,0,71,72,70,0,69,7,5,9,2,2017,2
1601,Femenino,0,20,0,0,0,352,83,0,0,0,0,65,69,68,0,61,20,6,9,2,2017,1
1602,Femenino,0,14,0,0,0,351,71,0,0,0,0,71,69,72,0,67,8,3,9,3,2017,3
1603,Femenino,0,9,0,0,0,357,71,0,0,0,0,74,73,68,0,71,9,4,9,2,2017,2
1604,Femenino,0,8,0,0,0,352,73,0,0,0,0,70,69,65,0,83,8,3,9,3,2017,2
1605,Femenino,0,12,0,0,0,349,74,0,0,0,0,70,67,67,0,74,11,5,9,3,2017,1
1606,Femenino,0,11,0,0,0,352,72,0,0,0,0,69,70,70,0,73,11,5,9,2,2017,2
1607,Masculino,0,10,0,0,0,352,72,0,0,0,0,75,71,59,0,84,20,6,9,2,2017,3
1608,Femenino,0,9,0,0,0,340,72,0,0,0,0,60,72,68,0,70,9,4,9,3,2017,2
1609,Femenino,0,1,0,0,0,344,66,0,0,0,0,59,79,70,0,71,11,5,9,2,2017,2
1610,Femenino,0,8,0,0,0,350,69,0,0,0,0,71,70,72,0,64,8,3,9,3,2017,3
1611,Femenino,0,8,0,0,0,344,72,0,0,0,0,68,69,66,0,71,8,3,9,3,2017,2
1612,Femenino,0,20,0,0,0,340,76,0,0,0,0,65,69,65,0,58,20,6,9,2,2017,2
1613,Femenino,0,10,0,0,0,351,73,0,0,0,0,69,67,70,0,76,10,3,9,2,2017,2
1614,Femenino,0,4,0,0,0,346,72,0,0,0,0,71,69,62,0,78,4,4,9,2,2017,1
1615,Masculino,0,11,0,0,0,348,69,0,0,0,0,71,71,68,0,66,11,5,9,2,2017,2
1616,Masculino,0,12,0,0,0,351,73,0,0,0,0,74,66,66,0,73,7,5,9,2,2017,2
1617,Femenino,0,11,0,0,0,358,71,0,0,0,0,71,67,78,0,68,11,5,9,2,2017,1
1618,Masculino,0,9,0,0,0,340,73,0,0,0,0,64,70,63,0,75,10,3,9,3,2017,3
1619,Femenino,0,7,0,0,0,342,73,0,0,0,0,64,71,65,0,67,7,5,9,2,2017,1
1620,Femenino,0,1,0,0,0,353,72,0,0,0,0,79,66,69,0,60,1,5,9,2,2017,1
1621,Femenino,0,19,0,0,0,342,72,0,0,0,0,62,73,66,0,70,19,5,9,1,2017,2
1622,Femenino,0,1,0,0,0,341,67,0,0,0,0,62,77,65,0,71,11,5,9,2,2017,2
1623,Femenino,0,10,0,0,0,341,76,0,0,0,0,72,68,60,0,57,18,3,9,2,2017,2
1624,Femenino,0,10,0,0,0,353,68,0,0,0,0,70,71,75,0,67,10,3,9,2,2017,2
1625,Masculino,0,16,0,0,0,335,79,0,0,0,0,69,62,56,0,73,15,3,9,2,2017,3
1626,Masculino,0,0,0,0,0,362,73,0,0,0,0,72,73,72,0,73,8,3,9,2,2017,2
1627,Femenino,0,0,0,0,0,339,68,0,0,0,0,68,67,69,0,65,11,5,9,2,2017,2
1628,Femenino,0,0,0,0,0,318,68,0,0,0,0,63,64,60,0,59,20,6,4,1,2017,1
1629,Femenino,0,0,0,0,0,351,79,0,0,0,0,59,74,68,0,74,8,3,9,2,2017,2
1630,Femenino,0,0,0,0,0,344,70,0,0,0,0,72,66,65,0,74,9,4,9,2,2017,2
1631,Femenino,0,0,0,0,0,344,73,0,0,0,0,50,84,71,0,61,20,6,9,2,2017,1
1632,Femenino,0,0,0,0,0,339,72,0,0,0,0,64,67,66,0,73,8,3,9,2,2017,1
1633,Femenino,0,0,0,0,0,344,71,0,0,0,0,66,68,68,0,75,8,3,9,2,2017,2
1634,Femenino,0,0,0,0,0,373,80,0,0,0,0,67,70,80,0,79,10,3,9,3,2017,1
1635,Femenino,0,0,0,0,0,340,71,0,0,0,0,71,69,63,0,64,9,4,9,3,2017,2
1636,Masculino,0,0,0,0,0,382,84,0,0,0,0,80,75,72,0,60,20,6,9,2,2017,2
1637,Femenino,0,0,0,0,0,346,74,0,0,0,0,62,73,68,0,68,10,3,9,3,2017,1
1638,Masculino,0,0,0,0,0,346,66,0,0,0,0,68,73,69,0,75,20,6,9,2,2017,1
1639,Masculino,0,0,0,0,0,341,71,0,0,0,0,62,67,74,0,65,16,2,9,3,2017,2
1640,Femenino,0,0,0,0,0,340,75,0,0,0,0,67,67,67,0,54,8,3,9,2,2017,2
1641,Femenino,0,0,0,0,0,353,78,0,0,0,0,63,76,66,0,70,8,3,9,3,2017,1
1642,Femenino,0,0,0,0,0,342,69,0,0,0,0,77,67,61,0,68,2,1,9,2,2017,2
1643,Masculino,0,0,0,0,0,347,74,0,0,0,0,67,68,65,0,81,12,3,9,3,2017,2
1644,Femenino,0,0,0,0,0,327,77,0,0,0,0,58,65,64,0,59,3,1,9,2,2017,2
1645,Femenino,0,0,0,0,0,346,70,0,0,0,0,69,68,69,0,72,3,1,9,2,2017,2
1646,Femenino,0,0,0,0,0,335,76,0,0,0,0,65,63,70,0,49,11,5,9,3,2017,1
1647,Femenino,0,0,0,0,0,346,73,0,0,0,0,74,64,69,0,59,20,6,9,3,2017,2
1648,Femenino,0,0,0,0,0,348,69,0,0,0,0,74,64,71,0,73,20,6,9,2,2017,2
1649,Femenino,0,0,0,0,0,335,74,0,0,0,0,66,74,58,0,55,18,3,9,2,2017,1
1650,Masculino,1,0,1,22,28,398,63,63,72,64,51,51,54,46,48,48,10,3,9,3,2017,2
1651,Femenino,0,0,0,0,0,339,69,0,0,0,0,63,67,69,0,72,20,6,4,1,2017,1
1652,Femenino,0,0,0,0,0,330,68,0,0,0,0,55,69,69,0,75,10,3,2,3,2017,2
1653,Masculino,0,0,0,0,0,339,70,0,0,0,0,60,67,72,0,74,16,2,9,3,2017,1
1654,Masculino,0,0,0,0,0,340,68,0,0,0,0,66,71,66,0,72,11,5,9,2,2017,2
1655,Masculino,0,0,0,0,0,338,68,0,0,0,0,68,68,66,0,71,14,2,9,3,2017,2
1656,Masculino,0,0,0,0,0,341,74,0,0,0,0,61,70,64,0,79,8,3,9,2,2017,2
1657,Masculino,0,0,0,0,0,359,65,0,0,0,0,80,70,72,0,72,11,5,9,2,2017,2
1658,Femenino,0,0,0,0,0,364,73,0,0,0,0,72,73,73,0,75,10,3,9,3,2017,1
1659,Femenino,0,0,0,0,0,380,84,0,0,0,0,75,76,71,0,66,9,4,9,3,2017,2
1660,Femenino,0,0,0,0,0,349,75,0,0,0,0,68,62,70,0,84,6,5,9,2,2017,2
1661,Femenino,0,0,0,0,0,335,73,0,0,0,0,60,72,64,0,65,5,6,9,2,2017,2
1662,Femenino,0,0,0,0,0,335,72,0,0,0,0,67,67,62,0,68,10,3,9,3,2017,2
1663,Masculino,0,0,0,0,0,344,74,0,0,0,0,71,66,62,0,76,10,3,9,2,2017,1
1664,Femenino,0,0,0,0,0,342,68,0,0,0,0,64,67,73,0,72,6,5,9,2,2017,2
1665,Femenino,0,0,0,0,0,340,72,0,0,0,0,64,70,68,0,62,19,5,9,2,2017,1
1666,Femenino,0,0,0,0,0,335,70,0,0,0,0,65,67,64,0,75,20,6,9,2,2017,2
1667,Masculino,0,0,0,0,0,344,72,0,0,0,0,64,69,68,0,76,10,3,6,2,2017,2
1668,Femenino,0,0,0,0,0,337,69,0,0,0,0,65,71,68,0,59,8,3,9,2,2017,2
1669,Femenino,0,0,0,0,0,350,72,0,0,0,0,72,72,68,0,58,4,4,9,2,2017,2
1670,Masculino,0,0,0,0,0,346,67,0,0,0,0,77,65,70,0,62,6,5,9,2,2017,2
1671,Femenino,0,0,0,0,0,346,75,0,0,0,0,66,70,67,0,68,20,6,9,2,2017,1
1672,Femenino,0,0,0,0,0,339,72,0,0,0,0,74,68,56,0,68,18,3,9,3,2017,2
1673,Femenino,0,0,0,0,0,355,78,0,0,0,0,71,67,67,0,71,8,3,9,3,2017,1
1674,Masculino,0,0,0,0,0,331,77,0,0,0,0,64,64,61,0,62,20,6,9,3,2017,2
1675,Masculino,0,0,0,0,0,339,70,0,0,0,0,66,67,67,0,69,16,2,9,3,2017,2
1676,Femenino,0,0,0,0,0,329,72,0,0,0,0,61,72,59,0,63,20,6,9,2,2017,2
1677,Femenino,0,0,0,0,0,344,72,0,0,0,0,64,68,69,0,75,4,4,9,3,2017,2
1678,Masculino,0,0,0,0,0,305,65,0,0,0,0,59,65,56,0,61,7,5,7,2,2017,2
1679,Femenino,0,0,0,0,0,318,62,0,0,0,0,63,62,66,0,67,19,5,7,2,2017,1
1680,Femenino,0,0,0,0,0,349,72,0,0,0,0,66,71,69,0,76,10,3,9,2,2017,1
1681,Femenino,0,0,0,0,0,338,71,0,0,0,0,72,64,64,0,64,10,3,9,1,2017,1
1682,Femenino,0,0,0,0,0,346,72,0,0,0,0,69,67,73,0,57,11,5,9,2,2017,1
1683,Femenino,0,0,0,0,0,353,75,0,0,0,0,66,75,65,0,74,7,5,9,2,2017,2
1684,Femenino,0,0,0,0,0,343,72,0,0,0,0,66,66,70,0,71,16,2,9,3,2017,2
1685,Masculino,0,0,0,0,0,333,76,0,0,0,0,60,67,68,0,53,10,3,9,2,2017,2
1686,Femenino,0,0,0,0,0,351,67,0,0,0,0,68,70,74,0,76,12,3,9,4,2017,2
1687,Femenino,0,0,0,0,0,360,73,0,0,0,0,73,75,69,0,66,20,6,9,3,2017,2
1688,Femenino,0,0,0,0,0,344,71,0,0,0,0,63,74,72,0,55,10,3,9,3,2017,2
1689,Masculino,0,0,0,0,0,345,72,0,0,0,0,71,67,66,0,71,5,6,9,1,2017,2
1690,Femenino,0,0,0,0,0,338,70,0,0,0,0,57,70,72,0,73,8,3,9,2,2017,1
1691,Masculino,0,0,0,0,0,344,73,0,0,0,0,63,73,65,0,73,11,5,9,3,2017,1
1692,Femenino,0,0,0,0,0,332,69,0,0,0,0,62,73,69,0,43,11,5,9,2,2017,2
1693,Masculino,0,0,0,0,0,344,70,0,0,0,0,71,66,67,0,72,10,3,9,2,2017,1
1694,Femenino,0,0,0,0,0,281,60,0,0,0,0,56,60,53,0,44,6,5,7,2,2017,1
1695,Femenino,0,0,0,0,0,348,82,0,0,0,0,67,67,67,0,55,11,5,9,2,2017,1
1696,Femenino,0,0,0,0,0,343,70,0,0,0,0,63,74,65,0,76,13,1,9,3,2017,2
1697,Femenino,0,0,0,0,0,337,75,0,0,0,0,63,66,67,0,58,20,6,9,2,2017,1
1698,Masculino,0,0,0,0,0,339,72,0,0,0,0,61,67,68,0,75,2,1,9,2,2017,2
1699,Femenino,0,0,0,0,0,366,78,0,0,0,0,65,71,79,0,74,18,3,9,1,2017,2
1700,Femenino,0,0,0,0,0,340,71,0,0,0,0,65,69,66,0,71,7,5,9,1,2017,2
1701,Femenino,0,0,0,0,0,357,70,0,0,0,0,73,71,70,0,76,11,5,9,3,2017,1
1702,Femenino,0,0,0,0,0,356,76,0,0,0,0,65,73,70,0,74,20,6,9,2,2017,1
1703,Femenino,0,0,0,0,0,361,73,0,0,0,0,72,68,75,0,74,8,3,9,3,2017,1
1704,Femenino,0,0,0,0,0,339,72,0,0,0,0,63,65,70,0,69,11,5,9,2,2017,1
1705,Femenino,0,0,0,0,0,349,72,0,0,0,0,69,71,65,0,78,7,5,9,2,2017,2
1706,Femenino,0,0,0,0,0,359,75,0,0,0,0,69,68,75,0,71,1,5,9,3,2017,2
1707,Femenino,0,0,0,0,0,350,70,0,0,0,0,71,72,66,0,74,5,6,9,2,2017,2
1708,Femenino,0,0,0,0,0,341,74,0,0,0,0,57,70,70,0,74,19,5,9,2,2017,2
1709,Femenino,0,0,0,0,0,293,64,0,0,0,0,56,63,55,0,49,20,6,7,2,2017,2
1710,Femenino,0,0,0,0,0,344,70,0,0,0,0,67,68,70,0,70,20,6,9,2,2017,2
1711,Masculino,0,0,0,0,0,336,75,0,0,0,0,63,68,63,0,68,20,6,9,1,2017,2
1712,Femenino,0,0,0,0,0,338,70,0,0,0,0,69,69,64,0,66,10,3,9,3,2017,1
1713,Femenino,0,0,0,0,0,350,72,0,0,0,0,68,68,72,0,70,20,6,9,2,2017,1
1714,Femenino,0,0,0,0,0,368,82,0,0,0,0,67,65,78,0,80,20,6,9,2,2017,2
1715,Femenino,0,0,0,0,0,358,78,0,0,0,0,69,76,62,0,77,7,5,9,2,2017,2
1716,Femenino,0,0,0,0,0,343,69,0,0,0,0,70,69,68,0,61,20,6,9,1,2017,2
1717,Femenino,0,0,0,0,0,387,86,0,0,0,0,66,75,82,0,80,1,5,9,3,2017,2
1718,Femenino,0,0,0,0,0,330,75,0,0,0,0,63,71,56,0,63,4,4,9,2,2017,2
1719,Femenino,0,0,0,0,0,358,77,0,0,0,0,64,71,73,0,74,19,5,9,1,2017,2
1720,Femenino,0,0,0,0,0,337,72,0,0,0,0,60,68,72,0,60,1,5,9,2,2017,1
1721,Femenino,0,0,0,0,0,327,74,0,0,0,0,62,66,64,0,51,20,6,5,1,2017,2
1722,Femenino,0,0,0,0,0,343,74,0,0,0,0,70,64,66,0,70,12,3,9,3,2017,1
1723,Masculino,0,0,0,0,0,341,67,0,0,0,0,71,67,68,0,68,10,3,9,3,2017,3
1724,Femenino,0,0,0,0,0,362,77,0,0,0,0,69,79,66,0,68,7,5,9,2,2017,2
1725,Femenino,0,0,0,0,0,295,63,0,0,0,0,56,58,61,0,54,7,5,7,2,2017,2
1726,Femenino,0,0,0,0,0,336,71,0,0,0,0,59,69,69,0,70,10,3,9,2,2017,2
1727,Femenino,2,0,1,19,5,517,87,87,93,78,63,63,74,64,58,46,20,6,9,2,2017,1
1728,Masculino,0,0,0,0,0,336,68,0,0,0,0,64,72,66,0,64,10,3,9,3,2017,2
1729,Femenino,0,0,0,0,0,331,67,0,0,0,0,71,68,59,0,67,11,5,4,2,2017,2
1730,Masculino,0,0,0,0,0,334,76,0,0,0,0,64,62,61,0,80,9,4,9,3,2017,2
1731,Femenino,2,0,1,19,5,436,75,75,62,54,64,64,59,61,61,74,10,3,9,3,2017,2
1732,Femenino,2,0,1,19,5,414,62,62,80,54,58,58,57,57,46,47,11,5,9,2,2017,2
1733,Femenino,0,0,0,0,0,327,66,0,0,0,0,69,72,59,0,53,7,5,9,2,2017,2
1734,Femenino,0,0,0,0,0,326,72,0,0,0,0,61,69,60,0,59,8,3,9,2,2017,2
1735,Masculino,1,0,1,19,5,407,56,56,72,55,59,59,58,54,53,54,20,6,9,2,2017,2
1736,Masculino,0,0,0,0,0,332,68,0,0,0,0,62,69,65,0,69,9,4,9,3,2017,2
1737,Masculino,0,0,0,0,0,333,72,0,0,0,0,71,62,61,0,68,7,5,9,2,2017,2
1738,Masculino,0,0,0,0,0,333,66,0,0,0,0,65,69,64,0,75,12,3,9,3,2017,2
1739,Femenino,0,0,0,0,0,332,71,0,0,0,0,67,65,63,0,67,11,5,9,2,2017,2
1740,Masculino,0,0,0,0,0,330,69,0,0,0,0,61,68,69,0,61,19,5,9,2,2017,2
1741,Femenino,0,0,0,0,0,341,74,0,0,0,0,66,59,69,0,82,20,6,9,3,2017,1
1742,Femenino,2,0,1,19,5,393,71,71,62,57,48,48,48,59,48,40,18,3,9,2,2017,2
1743,Femenino,0,0,0,0,0,334,68,0,0,0,0,65,68,70,0,59,5,6,9,2,2017,2
1744,Femenino,0,0,0,0,0,336,73,0,0,0,0,68,63,65,0,63,8,3,9,3,2017,1
1745,Femenino,0,0,0,0,0,330,70,0,0,0,0,65,68,64,0,57,16,2,9,3,2017,2
1746,Femenino,0,0,0,0,0,331,76,0,0,0,0,65,62,65,0,57,7,5,9,2,2017,2
1747,Masculino,0,0,0,0,0,338,70,0,0,0,0,73,63,67,0,62,10,3,9,2,2017,2
1748,Masculino,0,0,0,0,0,340,69,0,0,0,0,73,62,65,0,78,10,3,9,3,2017,2
1749,Femenino,0,0,0,0,0,339,68,0,0,0,0,71,65,70,0,60,8,3,9,2,2017,2
1750,Femenino,0,0,0,0,0,336,70,0,0,0,0,69,65,65,0,64,7,5,9,2,2017,2
1751,Femenino,0,0,0,0,0,335,68,0,0,0,0,68,67,64,0,72,8,3,9,2,2017,1
1752,Femenino,0,0,0,0,0,329,68,0,0,0,0,63,71,62,0,64,4,4,9,2,2017,2
1753,Femenino,0,0,0,0,0,255,69,69,0,0,54,54,67,0,0,60,20,6,10,2,2017,2
1754,Masculino,0,0,0,0,0,292,60,0,0,0,0,59,60,55,0,57,7,5,5,2,2018,1
1755,Femenino,0,0,0,0,0,333,77,0,0,0,0,58,73,60,0,63,20,6,9,2,2018,2
1756,Masculino,0,0,0,0,0,354,76,0,0,0,0,71,68,70,0,65,10,3,9,1,2018,2
1757,Femenino,0,0,0,0,0,358,71,0,0,0,0,63,77,75,0,74,7,5,9,2,2018,2
1758,Masculino,0,0,0,0,0,347,74,0,0,0,0,68,74,59,0,76,18,3,9,3,2018,2
1759,Femenino,0,0,0,0,0,368,82,0,0,0,0,74,72,66,0,74,10,3,9,3,2018,1
1760,Femenino,0,0,0,0,0,366,77,0,0,0,0,74,73,68,0,75,4,4,9,2,2018,1
1761,Femenino,0,0,0,0,0,341,76,0,0,0,0,64,70,60,0,77,16,2,9,3,2018,2
1762,Masculino,0,0,0,0,0,354,69,0,0,0,0,73,69,70,0,77,8,3,9,2,2018,2
1763,Femenino,0,0,0,0,0,350,71,0,0,0,0,67,75,66,0,73,9,4,9,3,2018,1
1764,Masculino,0,0,0,0,0,364,81,0,0,0,0,66,69,72,0,83,10,3,9,2,2018,2
1765,Femenino,0,0,0,0,0,360,73,0,0,0,0,73,70,73,0,68,10,3,9,3,2018,2
1766,Femenino,0,0,0,0,0,361,71,0,0,0,0,66,76,74,0,77,18,3,9,3,2018,1
1767,Femenino,0,0,0,0,0,356,75,0,0,0,0,69,75,69,0,61,9,4,9,3,2018,1
1768,Femenino,0,0,0,0,0,353,77,0,0,0,0,75,73,64,0,52,20,6,9,3,2018,2
1769,Femenino,0,0,0,0,0,346,72,0,0,0,0,66,71,68,0,72,19,5,9,1,2018,1
1770,Masculino,0,0,0,0,0,362,75,0,0,0,0,68,72,73,0,76,6,5,9,3,2018,1
1771,Femenino,0,0,0,0,0,350,73,0,0,0,0,67,71,66,0,80,10,3,9,3,2018,1
1772,Femenino,0,0,0,0,0,364,66,0,0,0,0,75,71,80,0,71,20,6,9,3,2018,2
1773,Femenino,0,0,0,0,0,352,74,0,0,0,0,70,70,69,0,67,18,3,9,3,2018,2
1774,Masculino,0,0,0,0,0,355,79,0,0,0,0,70,72,62,0,74,1,5,9,3,2018,2
1775,Masculino,0,0,0,0,0,351,70,0,0,0,0,70,72,70,0,67,16,2,9,3,2018,2
1776,Femenino,0,0,0,0,0,352,73,0,0,0,0,64,69,74,0,74,7,5,9,2,2018,2
1777,Femenino,0,0,0,0,0,354,76,0,0,0,0,65,75,70,0,63,4,4,9,2,2018,1
1778,Femenino,0,0,0,0,0,350,78,0,0,0,0,69,69,69,0,56,20,6,9,2,2018,2
1779,Masculino,0,0,0,0,0,365,88,0,0,0,0,64,61,81,0,67,18,3,9,2,2018,1
1780,Femenino,0,0,0,0,0,350,71,0,0,0,0,71,71,70,0,61,11,5,9,3,2018,1
1781,Femenino,0,0,0,0,0,353,74,0,0,0,0,68,74,68,0,67,20,6,9,2,2018,2
1782,Femenino,0,0,0,0,0,360,81,0,0,0,0,70,69,68,0,72,20,6,9,3,2018,1
1783,Masculino,0,0,0,0,0,347,72,0,0,0,0,68,70,68,0,67,11,5,9,2,2018,2
1784,Femenino,1,0,1,19,5,377,62,62,62,54,58,58,53,45,43,46,8,3,9,2,2018,1
1785,Femenino,0,0,0,0,0,352,83,0,0,0,0,72,69,58,0,68,8,3,9,3,2018,2
1786,Femenino,0,0,0,0,0,350,77,0,0,0,0,72,71,65,0,55,8,3,9,2,2018,2
1787,Masculino,0,0,0,0,0,347,72,0,0,0,0,67,73,66,0,67,10,3,9,1,2018,2
1788,Femenino,0,0,0,0,0,355,74,0,0,0,0,63,73,75,0,67,7,5,9,2,2018,2
1789,Femenino,0,0,0,0,0,340,74,0,0,0,0,72,70,58,0,63,15,3,9,2,2018,2
1790,Masculino,0,0,0,0,0,345,72,0,0,0,0,68,71,67,0,64,10,3,9,3,2018,2
1791,Femenino,0,0,0,0,0,370,75,0,0,0,0,72,72,76,0,77,10,3,9,2,2018,2
1792,Masculino,0,0,0,0,0,367,77,0,0,0,0,76,67,68,0,89,9,4,9,3,2018,2
1793,Femenino,0,0,0,0,0,343,72,0,0,0,0,66,71,64,0,74,11,5,9,3,2018,2
1794,Femenino,0,0,0,0,0,372,74,0,0,0,0,68,73,83,0,72,19,5,9,1,2018,2
1795,Masculino,0,0,0,0,0,295,57,0,0,0,0,58,60,62,0,57,18,3,7,2,2018,1
1796,Femenino,0,0,0,0,0,355,79,0,0,0,0,68,70,68,0,67,11,5,9,3,2018,1
1797,Femenino,0,0,0,0,0,357,73,0,0,0,0,74,69,72,0,64,10,3,9,3,2018,1
1798,Masculino,0,0,0,0,0,353,71,0,0,0,0,69,70,71,0,74,16,2,9,3,2018,2
1799,Femenino,0,0,0,0,0,350,78,0,0,0,0,70,72,64,0,58,20,6,9,3,2018,2
1800,Femenino,0,0,0,0,0,373,74,0,0,0,0,71,79,74,0,76,8,3,9,2,2018,2
1801,Femenino,0,0,0,0,0,372,72,0,0,0,0,68,63,100,0,59,5,6,9,2,2018,2
1802,Femenino,0,0,0,0,0,361,80,0,0,0,0,69,66,72,0,77,9,4,9,2,2018,2
1803,Masculino,0,0,0,0,0,360,77,0,0,0,0,69,70,73,0,68,8,3,9,2,2018,2
1804,Femenino,0,0,0,0,0,295,55,0,0,0,0,62,55,66,0,53,19,5,7,2,2018,1
1805,Masculino,0,0,0,0,0,336,77,0,0,0,0,57,85,63,0,44,6,5,9,1,2018,1
1806,Femenino,0,0,0,0,0,357,73,0,0,0,0,73,69,68,0,78,11,5,9,5,2018,1
1807,Masculino,0,0,0,0,0,354,70,0,0,0,0,71,72,70,0,71,10,3,9,3,2018,1
1808,Femenino,0,0,0,0,0,384,79,0,0,0,0,78,73,78,0,75,1,5,9,4,2018,2
1809,Femenino,0,0,0,0,0,361,73,0,0,0,0,68,73,77,0,66,9,4,9,2,2018,1
1810,Femenino,0,0,0,0,0,350,75,0,0,0,0,68,69,67,0,74,10,3,9,2,2018,2
1811,Femenino,0,0,0,0,0,362,82,0,0,0,0,65,69,73,0,74,10,3,9,3,2018,1
1812,Femenino,0,0,0,0,0,355,72,0,0,0,0,73,66,68,0,86,8,3,9,3,2018,1
1813,Femenino,0,0,0,0,0,334,65,0,0,0,0,68,69,65,0,67,10,3,5,2,2018,1
1814,Masculino,0,0,0,0,0,375,71,0,0,0,0,78,76,77,0,70,8,3,9,2,2018,2
1815,Femenino,0,0,0,0,0,353,70,0,0,0,0,71,73,70,0,65,20,6,9,4,2018,2
1816,Femenino,0,0,0,0,0,350,71,0,0,0,0,78,71,63,0,60,5,6,9,2,2018,1
1817,Masculino,0,0,0,0,0,329,63,0,0,0,0,67,70,64,0,63,20,6,4,2,2018,1
1818,Femenino,0,0,0,0,0,329,67,0,0,0,0,62,67,65,0,73,8,3,4,2,2018,1
1819,Femenino,0,0,0,0,0,353,81,0,0,0,0,65,71,66,0,70,20,6,9,3,2018,2
1820,Femenino,0,0,0,0,0,358,82,0,0,0,0,69,70,63,0,80,17,2,9,2,2018,1
1821,Femenino,0,0,0,0,0,348,75,0,0,0,0,70,70,69,0,52,14,2,9,3,2018,2
1822,Femenino,0,0,0,0,0,359,70,0,0,0,0,69,71,75,0,79,8,3,9,2,2018,1
1823,Femenino,0,0,0,0,0,346,81,0,0,0,0,63,68,67,0,63,20,6,9,1,2018,2
1824,Masculino,0,0,0,0,0,361,73,0,0,0,0,74,67,73,0,77,13,1,9,4,2018,2
1825,Femenino,0,0,0,0,0,354,74,0,0,0,0,71,73,69,0,59,10,3,9,3,2018,1
1826,Femenino,0,0,0,0,0,368,79,0,0,0,0,83,67,66,0,71,10,3,9,3,2018,1
1827,Femenino,0,0,0,0,0,349,77,0,0,0,0,68,68,68,0,65,4,4,9,2,2018,1
1828,Femenino,0,0,0,0,0,355,79,0,0,0,0,67,66,69,0,79,10,3,9,2,2018,2
1829,Femenino,0,0,0,0,0,291,58,0,0,0,0,60,61,56,0,52,20,6,5,1,2018,1
1830,Masculino,0,0,0,0,0,358,72,0,0,0,0,75,69,71,0,71,4,4,9,2,2018,2
1831,Masculino,0,0,0,0,0,313,67,0,0,0,0,58,66,60,0,62,11,5,6,2,2018,2
1832,Femenino,0,0,0,0,0,349,74,0,0,0,0,68,71,70,0,59,20,6,9,3,2018,2
1833,Masculino,0,0,0,0,0,354,78,0,0,0,0,61,71,74,0,69,10,3,9,3,2018,2
1834,Masculino,0,0,0,0,0,286,62,0,0,0,0,57,56,55,0,53,11,5,6,3,2018,2
1835,Masculino,0,0,0,0,0,356,72,0,0,0,0,69,74,74,0,59,18,3,9,3,2018,2
1836,Femenino,0,0,0,0,0,380,76,0,0,0,0,80,72,75,0,80,8,3,9,2,2018,1
1837,Femenino,0,0,0,0,0,352,79,0,0,0,0,70,68,67,0,64,4,4,9,2,2018,2
1838,Masculino,0,0,0,0,0,358,76,0,0,0,0,66,68,75,0,75,20,6,9,3,2018,1
1839,Femenino,0,0,0,0,0,345,64,0,0,0,0,70,70,68,0,81,8,3,4,1,2018,1
1840,Femenino,0,0,0,0,0,338,71,0,0,0,0,66,65,65,0,77,8,3,4,2,2018,1
1841,Masculino,0,0,0,0,0,344,75,0,0,0,0,70,70,61,0,67,18,3,9,3,2018,2
1842,Femenino,0,0,0,0,0,366,74,0,0,0,0,72,71,77,0,69,20,6,9,2,2018,2
1843,Femenino,0,0,0,0,0,360,79,0,0,0,0,75,69,63,0,77,10,3,9,2,2018,2
1844,Masculino,0,0,0,0,0,353,70,0,0,0,0,66,72,76,0,67,9,4,9,3,2018,3
1845,Masculino,0,0,0,0,0,349,76,0,0,0,0,72,66,69,0,59,4,4,9,2,2018,2
1846,Femenino,0,0,0,0,0,350,74,0,0,0,0,68,70,68,0,70,11,5,9,2,2018,2
1847,Masculino,0,0,0,0,0,337,69,0,0,0,0,66,70,65,0,66,19,5,6,1,2018,2
1848,Femenino,0,0,0,0,0,354,76,0,0,0,0,74,67,69,0,62,20,6,9,2,2018,2
1849,Femenino,0,0,0,0,0,349,77,0,0,0,0,69,69,65,0,67,16,2,9,3,2018,1
1850,Femenino,0,0,0,0,0,352,81,0,0,0,0,69,68,62,0,75,7,5,9,2,2018,2
1851,Femenino,0,0,0,0,0,375,72,0,0,0,0,83,70,75,0,74,11,5,9,3,2018,2
1852,Masculino,0,0,0,0,0,352,70,0,0,0,0,67,70,72,0,78,20,6,9,3,2018,1
1853,Masculino,0,0,0,0,0,363,76,0,0,0,0,74,68,71,0,76,11,5,9,2,2018,2
1854,Femenino,0,0,0,0,0,358,72,0,0,0,0,73,71,70,0,73,20,6,9,3,2018,1
1855,Femenino,0,0,0,0,0,354,74,0,0,0,0,66,70,72,0,74,19,5,9,1,2018,2
1856,Masculino,0,0,0,0,0,357,71,0,0,0,0,76,68,70,0,72,10,3,9,3,2018,2
1857,Masculino,0,0,0,0,0,353,72,0,0,0,0,75,66,68,0,75,8,3,9,3,2018,2
1858,Femenino,0,0,0,0,0,348,75,0,0,0,0,72,66,66,0,69,10,3,9,2,2018,2
1859,Femenino,0,0,0,0,0,347,74,0,0,0,0,65,74,66,0,65,8,3,9,2,2018,1
1860,Femenino,0,0,0,0,0,352,81,0,0,0,0,64,68,67,0,75,11,5,9,4,2018,2
1861,Femenino,0,0,0,0,0,337,79,0,0,0,0,58,67,65,0,69,20,6,9,2,2018,2
1862,Femenino,0,0,0,0,0,334,72,0,0,0,0,69,74,54,0,62,11,5,9,2,2018,1
1863,Femenino,0,0,0,0,0,342,74,0,0,0,0,67,70,67,0,56,11,5,9,3,2018,2
1864,Femenino,0,0,0,0,0,341,76,0,0,0,0,70,66,60,0,71,8,3,9,2,2018,2
1865,Femenino,0,0,0,0,0,351,71,0,0,0,0,66,69,73,0,75,10,3,9,2,2018,2
1866,Femenino,0,0,0,0,0,351,68,0,0,0,0,66,71,76,0,72,11,5,9,2,2018,1
1867,Femenino,1,0,1,19,5,395,60,60,53,66,58,58,53,57,48,43,7,5,9,2,2018,2
1868,Femenino,0,0,0,0,0,345,75,0,0,0,0,63,67,70,0,72,11,5,9,2,2018,2
1869,Femenino,0,0,0,0,0,350,66,0,0,0,0,66,73,73,0,75,7,5,9,2,2018,1
1870,Masculino,0,0,0,0,0,353,69,0,0,0,0,68,68,74,0,81,10,3,9,2,2018,2
1871,Femenino,0,0,0,0,0,340,75,0,0,0,0,66,69,67,0,53,7,5,9,2,2018,2
1872,Masculino,0,0,0,0,0,343,77,0,0,0,0,65,65,68,0,68,3,1,9,2,2018,2
1873,Masculino,0,0,0,0,0,338,73,0,0,0,0,66,71,59,0,72,8,3,9,3,2018,2
1874,Femenino,0,0,0,0,0,354,69,0,0,0,0,74,68,76,0,59,20,6,9,3,2018,2
1875,Femenino,0,0,0,0,0,341,76,0,0,0,0,66,68,65,0,62,10,3,9,3,2018,1
1876,Femenino,0,0,0,0,0,351,74,0,0,0,0,71,66,73,0,60,20,6,9,2,2018,2
1877,Femenino,0,0,0,0,0,343,75,0,0,0,0,71,66,61,0,74,10,3,9,2,2018,2
1878,Femenino,0,0,0,0,0,144,75,0,0,0,0,69,72,79,0,0,8,3,11,3,2018,2
1879,Femenino,0,0,0,0,0,353,70,0,0,0,0,71,70,75,0,61,7,5,9,2,2018,2
1880,Femenino,0,0,0,0,0,345,77,0,0,0,0,71,66,65,0,59,8,3,9,2,2018,1
1881,Femenino,0,0,0,0,0,338,70,0,0,0,0,68,71,61,0,68,11,5,9,3,2018,2
1882,Femenino,0,0,0,0,0,351,74,0,0,0,0,72,64,74,0,60,12,3,9,4,2018,1
1883,Femenino,0,0,0,0,0,352,69,0,0,0,0,76,65,69,0,77,19,5,9,2,2018,1
1884,Femenino,0,0,0,0,0,342,71,0,0,0,0,73,66,64,0,67,11,5,9,3,2018,1
1885,Femenino,0,0,0,0,0,355,70,0,0,0,0,74,68,75,0,63,8,3,9,3,2018,2
1886,Femenino,0,0,0,0,0,349,78,0,0,0,0,69,70,67,0,56,20,6,9,2,2018,1
1887,Masculino,0,0,0,0,0,349,71,0,0,0,0,67,68,72,0,73,16,2,9,3,2018,1
1888,Femenino,0,0,0,0,0,359,75,0,0,0,0,69,70,69,0,85,8,3,9,3,2018,1
1889,Femenino,0,0,0,0,0,337,72,0,0,0,0,69,76,58,0,52,19,5,9,2,2018,1
1890,Masculino,0,0,0,0,0,345,72,0,0,0,0,69,68,70,0,59,18,3,9,3,2018,2
1891,Femenino,0,0,0,0,0,344,72,0,0,0,0,70,66,68,0,67,5,6,9,1,2018,1
1892,Femenino,0,0,0,0,0,344,76,0,0,0,0,61,65,72,0,72,19,5,9,1,2018,2
1893,Femenino,0,0,0,0,0,360,71,0,0,0,0,73,70,76,0,65,8,3,9,2,2018,2
1894,Femenino,0,0,0,0,0,362,75,0,0,0,0,59,77,74,0,87,13,1,9,3,2018,1
1895,Femenino,0,0,0,0,0,343,56,0,0,0,0,77,67,71,0,78,12,3,7,3,2018,1
1896,Masculino,0,0,0,0,0,356,71,0,0,0,0,72,64,75,0,79,8,3,9,3,2018,2
1897,Femenino,0,0,0,0,0,333,75,0,0,0,0,57,71,66,0,60,20,6,9,2,2018,2
1898,Femenino,0,0,0,0,0,340,75,0,0,0,0,71,64,61,0,67,7,5,9,2,2018,2
1899,Masculino,0,0,0,0,0,341,71,0,0,0,0,64,69,67,0,73,8,3,9,3,2018,2
1900,Masculino,0,0,0,0,0,364,77,0,0,0,0,75,76,67,0,62,20,6,9,2,2018,2
1901,Femenino,0,0,0,0,0,366,57,0,0,0,0,93,70,76,0,63,15,3,9,3,2018,1
1902,Masculino,0,0,0,0,0,354,70,0,0,0,0,71,74,70,0,66,7,5,9,2,2018,2
1903,Masculino,0,0,0,0,0,352,67,0,0,0,0,77,68,68,0,76,10,3,9,3,2018,2
1904,Femenino,0,0,0,0,0,333,74,0,0,0,0,62,64,69,0,58,10,3,7,3,2018,2
1905,Femenino,0,0,0,0,0,345,82,0,0,0,0,62,69,69,0,52,8,3,9,2,2018,2
1906,Masculino,0,0,0,0,0,346,71,0,0,0,0,70,68,72,0,57,7,5,9,2,2018,2
1907,Masculino,0,0,0,0,0,342,71,0,0,0,0,65,69,70,0,64,7,5,9,2,2018,2
1908,Masculino,0,0,0,0,0,338,67,0,0,0,0,71,68,67,0,60,19,5,6,1,2018,2
1909,Femenino,0,0,0,0,0,365,78,0,0,0,0,73,72,74,0,59,8,3,9,3,2018,1
1910,Femenino,0,0,0,0,0,346,72,0,0,0,0,65,68,70,0,74,19,5,9,3,2018,3
1911,Femenino,0,0,0,0,0,360,79,0,0,0,0,70,69,70,0,72,20,6,9,3,2018,1
1912,Femenino,0,0,0,0,0,371,100,0,0,0,0,57,78,64,0,68,9,4,9,3,2018,1
1913,Femenino,0,0,0,0,0,348,74,0,0,0,0,74,74,58,0,64,19,5,9,1,2018,1
1914,Femenino,0,0,0,0,0,350,70,0,0,0,0,70,66,73,0,74,7,5,9,2,2018,1
1915,Femenino,0,0,0,0,0,347,70,0,0,0,0,69,68,67,0,80,11,5,9,2,2018,2
1916,Femenino,0,0,0,0,0,343,72,0,0,0,0,66,72,67,0,60,4,4,9,2,2018,1
1917,Femenino,0,0,0,0,0,348,67,0,0,0,0,75,76,63,0,62,14,2,9,2,2018,2
1918,Femenino,0,0,0,0,0,352,81,0,0,0,0,65,66,69,0,73,14,2,9,3,2018,2
1919,Femenino,0,0,0,0,0,346,70,0,0,0,0,68,68,70,0,72,20,6,9,1,2018,2
1920,Masculino,0,0,0,0,0,357,80,0,0,0,0,61,73,69,0,80,8,3,9,3,2018,2
1921,Masculino,0,0,0,0,0,357,70,0,0,0,0,74,71,73,0,63,10,3,9,3,2018,2
1922,Femenino,0,0,0,0,0,339,74,0,0,0,0,59,67,67,0,81,8,3,9,2,2018,2
1923,Masculino,0,0,0,0,0,342,80,0,0,0,0,65,67,60,0,73,4,4,9,2,2018,2
1924,Femenino,0,0,0,0,0,353,75,0,0,0,0,73,70,63,0,76,20,6,9,1,2018,1
1925,Femenino,0,0,0,0,0,385,78,0,0,0,0,71,83,74,0,82,20,6,9,3,2018,1
1926,Femenino,0,0,0,0,0,348,70,0,0,0,0,69,71,67,0,73,20,6,9,3,2018,1
1927,Masculino,0,0,0,0,0,342,70,0,0,0,0,69,69,63,0,76,10,3,9,3,2018,1
1928,Femenino,0,0,0,0,0,361,75,0,0,0,0,69,71,70,0,83,9,4,9,3,2018,2
1929,Femenino,0,0,0,0,0,347,72,0,0,0,0,74,68,67,0,59,16,2,9,3,2018,2
1930,Masculino,0,0,0,0,0,343,69,0,0,0,0,67,70,68,0,70,18,3,9,3,2018,2
1931,Femenino,0,0,0,0,0,352,70,0,0,0,0,76,68,69,0,67,20,6,9,3,2018,2
1932,Femenino,0,0,0,0,0,352,74,0,0,0,0,65,67,81,0,55,20,6,9,2,2018,2
1933,Masculino,0,0,0,0,0,325,68,0,0,0,0,59,67,63,0,75,8,3,5,2,2018,2
1934,Masculino,0,0,0,0,0,347,73,0,0,0,0,71,66,71,0,60,7,5,9,2,2018,2
1935,Femenino,0,0,0,0,0,374,77,0,0,0,0,71,82,76,0,55,19,5,9,2,2018,2
1936,Masculino,0,0,0,0,0,342,71,0,0,0,0,69,69,62,0,75,8,3,9,3,2018,1
1937,Masculino,0,0,0,0,0,361,72,0,0,0,0,77,74,69,0,63,7,5,9,2,2018,2
1938,Femenino,0,0,0,0,0,358,74,0,0,0,0,70,70,67,0,88,11,5,9,3,2018,1
1939,Masculino,0,0,0,0,0,366,74,0,0,0,0,71,74,74,0,72,12,3,9,3,2018,2
1940,Femenino,0,0,0,0,0,340,77,0,0,0,0,58,74,67,0,55,10,3,9,3,2018,3
1941,Masculino,0,0,0,0,0,337,76,0,0,0,0,59,68,65,0,72,7,5,9,2,2018,2
1942,Femenino,0,0,0,0,0,341,71,0,0,0,0,67,70,66,0,65,8,3,9,2,2018,2
1943,Masculino,0,0,0,0,0,293,58,0,0,0,0,61,62,55,0,54,4,4,7,2,2018,2
1944,Femenino,0,0,0,0,0,349,75,0,0,0,0,69,65,68,0,76,12,3,9,3,2018,2
1945,Femenino,0,0,0,0,0,352,67,0,0,0,0,72,71,70,0,76,20,6,9,2,2018,2
1946,Masculino,0,0,0,0,0,350,79,0,0,0,0,71,66,66,0,64,8,3,9,2,2018,1
1947,Masculino,0,0,0,0,0,374,82,0,0,0,0,77,71,67,0,81,9,4,9,4,2018,1
1948,Masculino,0,0,0,0,0,341,76,0,0,0,0,63,63,70,0,71,11,5,9,2,2018,2
1949,Masculino,0,0,0,0,0,349,78,0,0,0,0,67,68,69,0,62,7,5,9,2,2018,1
1950,Masculino,0,0,0,0,0,345,67,0,0,0,0,67,71,70,0,71,11,5,9,2,2018,2
1951,Femenino,0,0,0,0,0,337,68,0,0,0,0,62,74,66,0,67,11,5,9,2,2018,1
1952,Masculino,0,0,0,0,0,362,72,0,0,0,0,72,75,71,0,72,8,3,9,3,2018,2
1953,Masculino,0,0,0,0,0,325,65,0,0,0,0,66,66,64,0,61,20,6,4,1,2018,2
1954,Femenino,0,0,0,0,0,360,75,0,0,0,0,73,72,66,0,77,11,5,9,4,2018,1
1955,Femenino,0,0,0,0,0,359,74,0,0,0,0,65,65,84,0,70,8,3,9,4,2018,1
1956,Femenino,0,0,0,0,0,343,77,0,0,0,0,63,70,64,0,69,16,2,9,3,2018,2
1957,Masculino,0,0,0,0,0,350,65,0,0,0,0,72,73,70,0,69,15,3,9,3,2018,2
1958,Masculino,0,0,0,0,0,357,72,0,0,0,0,72,69,71,0,75,12,3,9,3,2018,1
1959,Masculino,0,0,0,0,0,337,77,0,0,0,0,60,70,63,0,67,20,6,9,1,2018,2
1960,Femenino,0,0,0,0,0,340,76,0,0,0,0,57,72,67,0,67,11,5,9,3,2018,1
1961,Femenino,0,0,0,0,0,340,72,0,0,0,0,57,71,75,0,58,20,6,9,2,2018,1
1962,Masculino,0,0,0,0,0,352,67,0,0,0,0,73,78,72,0,44,17,2,9,2,2018,2
1963,Femenino,0,0,0,0,0,351,65,0,0,0,0,71,72,77,0,57,20,6,9,2,2018,2
1964,Femenino,0,0,0,0,0,344,80,0,0,0,0,65,70,60,0,70,20,6,9,3,2018,2
1965,Masculino,0,0,0,0,0,331,74,0,0,0,0,58,70,61,0,71,10,3,9,2,2018,2
1966,Femenino,0,0,0,0,0,363,71,0,0,0,0,69,74,77,0,72,10,3,9,2,2018,2
1967,Femenino,0,0,0,0,0,339,68,0,0,0,0,64,72,68,0,65,20,6,9,1,2018,2
1968,Femenino,0,0,0,0,0,340,72,0,0,0,0,64,68,64,0,81,16,2,9,3,2018,2
1969,Femenino,0,0,0,0,0,356,74,0,0,0,0,73,66,69,0,78,8,3,9,2,2018,1
1970,Femenino,0,0,0,0,0,339,75,0,0,0,0,64,67,64,0,71,12,3,9,2,2018,2
1971,Femenino,0,0,0,0,0,352,71,0,0,0,0,70,70,70,0,71,11,5,9,3,2018,2
1972,Femenino,0,0,0,0,0,341,76,0,0,0,0,70,67,65,0,53,20,6,9,3,2018,1
1973,Masculino,0,0,0,0,0,359,80,0,0,0,0,74,65,68,0,73,11,5,9,2,2018,2
1974,Femenino,0,0,0,0,0,357,74,0,0,0,0,74,65,70,0,80,5,6,9,2,2018,1
1975,Femenino,0,0,0,0,0,347,71,0,0,0,0,65,73,67,0,72,8,3,9,3,2018,2
1976,Masculino,0,0,0,0,0,337,80,0,0,0,0,68,66,56,0,67,10,3,9,3,2018,1
1977,Masculino,0,0,0,0,0,343,69,0,0,0,0,66,74,64,0,74,20,6,9,3,2018,1
1978,Femenino,0,0,0,0,0,284,59,0,0,0,0,54,58,57,0,53,7,5,7,2,2018,1
1979,Femenino,0,0,0,0,0,344,69,0,0,0,0,72,69,67,0,63,6,5,9,2,2018,2
1980,Masculino,0,0,0,0,0,343,63,0,0,0,0,70,74,68,0,67,7,5,9,2,2018,1
1981,Femenino,0,0,0,0,0,347,70,0,0,0,0,69,68,70,0,71,10,3,9,3,2018,2
1982,Femenino,0,0,0,0,0,361,78,0,0,0,0,69,76,70,0,59,11,5,9,2,2018,1
1983,Femenino,0,0,0,0,0,337,73,0,0,0,0,66,69,65,0,57,20,6,9,1,2018,2
1984,Femenino,0,0,0,0,0,287,58,0,0,0,0,55,56,62,0,54,10,3,7,2,2018,2
1985,Femenino,0,0,0,0,0,292,61,0,0,0,0,56,61,61,0,42,3,1,7,2,2018,2
1986,Femenino,0,0,0,0,0,370,73,0,0,0,0,75,70,74,0,85,19,5,9,1,2018,2
1987,Femenino,0,0,0,0,0,337,77,0,0,0,0,64,75,60,0,49,20,6,9,2,2018,1
1988,Femenino,0,0,0,0,0,379,76,0,0,0,0,75,81,70,0,78,4,4,9,2,2018,2
1989,Femenino,0,0,0,0,0,342,75,0,0,0,0,73,67,60,0,64,4,4,9,3,2018,2
1990,Femenino,0,0,0,0,0,342,73,0,0,0,0,64,71,65,0,67,7,5,9,2,2018,1
1991,Femenino,0,0,0,0,0,348,68,0,0,0,0,69,70,76,0,57,11,5,9,3,2018,1
1992,Masculino,0,0,0,0,0,300,57,0,0,0,0,67,60,58,0,54,20,6,5,0,2018,1
1993,Femenino,0,0,0,0,0,340,72,0,0,0,0,64,64,70,0,74,19,5,9,1,2018,1
1994,Masculino,0,0,0,0,0,343,68,0,0,0,0,69,68,68,0,72,7,5,9,2,2018,1
1995,Masculino,0,0,0,0,0,342,68,0,0,0,0,74,66,68,0,61,7,5,9,2,2018,1
1996,Masculino,0,0,0,0,0,343,66,0,0,0,0,72,70,69,0,61,7,5,9,2,2018,2
1997,Masculino,0,0,0,0,0,334,74,0,0,0,0,63,65,66,0,64,8,3,9,3,2018,2
1998,Femenino,0,0,0,0,0,329,74,0,0,0,0,56,68,66,0,64,10,3,9,3,2018,1
1999,Masculino,0,0,0,0,0,336,73,0,0,0,0,65,67,68,0,58,4,4,9,2,2018,2
2000,Masculino,0,0,0,0,0,340,69,0,0,0,0,69,68,65,0,71,10,3,9,3,2018,1
2001,Femenino,0,0,0,0,0,330,70,0,0,0,0,65,72,62,0,51,8,3,11,2,2018,3
2002,Masculino,0,0,0,0,0,330,70,0,0,0,0,65,69,65,0,51,5,6,11,1,2018,3
2003,Femenino,0,0,0,0,0,336,71,0,0,0,0,68,69,64,0,57,20,6,9,2,2018,1
2004,Femenino,0,0,0,0,0,342,68,0,0,0,0,71,68,70,0,58,11,5,9,3,2018,2
2005,Masculino,0,0,0,0,0,347,69,0,0,0,0,68,71,69,0,71,19,5,10,1,2018,2
2006,Femenino,0,0,0,0,0,348,67,0,0,0,0,69,67,76,0,68,11,5,9,2,2018,1
2007,Femenino,0,0,0,0,0,340,70,0,0,0,0,71,67,66,0,63,11,5,9,3,2018,2
2008,Masculino,0,0,0,0,0,351,69,0,0,0,0,71,63,78,0,70,7,5,9,2,2018,3
